,N_error_x,N_error_y,N_x,N_y,bkgr_count_x,bkgr_count_y,chi2_pvalue_x,chi2_pvalue_y,chi2_x,chi2_y,dfr,dmu,dsigma,edm_x,edm_y,event_ID,event_angle,event_class,event_energy,fr_error_x,fr_error_y,fr_x,fr_y,fval_x,fval_y,has_accurate_covar_x,has_accurate_covar_y,has_covariance_x,has_covariance_y,has_made_posdef_covar_x,has_made_posdef_covar_y,has_parameters_at_limit_x,has_parameters_at_limit_y,has_posdef_covar_x,has_posdef_covar_y,has_reached_call_limit_x,has_reached_call_limit_y,has_valid_parameters_x,has_valid_parameters_y,hesse_failed_x,hesse_failed_y,image_name,is_above_max_edm_x,is_above_max_edm_y,is_valid_x,is_valid_y,mu_error_x,mu_error_y,mu_x,mu_y,n_excess_bins_x,n_excess_bins_y,nfcn_total_x,nfcn_total_y,nfcn_x,nfcn_y,ngrad_total_x,ngrad_total_y,ngrad_x,ngrad_y,sig_count_x,sig_count_y,sig_density_x,sig_density_y,sigma_error_x,sigma_error_y,sigma_x,sigma_y,tolerance_x,tolerance_y,up_x,up_y
0,1202.381306183649,1202.4213453811726,1445720.7927991725,1445817.0831485908,1444113.3400687014,1444254.0764668973,0.5563262011349508,1.0,112.2062496784431,15.916976506685415,3.081517820709731e-05,-3.081051522975315,0.2780920517204786,7.236440464079697e-09,8.932072059112244e-10,461,-0.7432301640510559,ER,3,0.0004278345119706114,0.00039861041563347537,0.0011118694138435791,0.0010810542356364818,112.20624967844311,15.916976506685419,1.0,1.0,1.0,1.0,0.0,0.0,0.0,0.0,1.0,1.0,0.0,0.0,1.0,1.0,0.0,0.0,-0.7432301640510559__CYGNO_60_40_ER_3_keV_930V_30cm_IDAO_iso_crop_hist_pic_run3_ev461,0.0,0.0,1.0,1.0,1.8935326239218029,1.7833808072582025,285.7061208785481,288.78717240152343,67.0,70.0,165.0,173.0,25.0,23.0,0.0,0.0,0.0,0.0,1607.4527304710905,1563.0066816933675,337.6490709275147,348.68087486064957,1.942005207159617,1.6545264601992313,4.7607201348294925,4.482628083109014,0.1,0.1,1.0,1.0
1,1202.7758345521995,1202.8220188752337,1446669.703575384,1446780.9537574465,1444445.6969221747,1444830.4940428413,0.22201315765316373,1.0,126.29642485975523,15.17505051170619,0.00018919102160956593,-0.12055909993154046,0.7495223427599873,8.110030321905142e-11,4.813850726340407e-07,892,-0.8522171974182129,ER,3,0.0004882709632253309,0.00047515340785068803,0.0015373285607025366,0.0013481375390929707,126.29642485975526,15.17505051170619,1.0,1.0,1.0,1.0,0.0,0.0,0.0,0.0,1.0,1.0,0.0,0.0,1.0,1.0,0.0,0.0,-0.8522171974182129__CYGNO_60_40_ER_3_keV_930V_30cm_IDAO_iso_crop_hist_pic_run2_ev892,0.0,0.0,1.0,1.0,1.7004632468776248,1.5287675652900314,288.5827330566554,288.70329215658694,61.0,68.0,173.0,147.0,25.0,23.0,0.0,0.0,0.0,0.0,2224.0066532095107,1950.4597146051449,408.5779768618086,415.542832441475,1.9343421600422157,2.0299028343385426,5.443285686349477,4.69376334358949,0.1,0.1,1.0,1.0
2,3253.106559921578,1208.4515456276138,1465840.3148243143,1460355.0256382488,1446147.6376100953,1452380.4059580553,0.0032585020212229834,0.9834475300796169,160.52709532154455,85.07973571683569,0.007973654207475775,-78.41519923547312,22.270395304281855,7.518525234080383e-10,1.2595795620602213e-12,344,-0.7919216156005859,ER,30,0.0030286881534552597,0.0005134620478149471,0.013434394602920438,0.0054607403954446635,160.52709532154455,85.0797357168357,1.0,1.0,1.0,1.0,0.0,0.0,0.0,0.0,1.0,1.0,0.0,0.0,1.0,1.0,0.0,0.0,-0.7919216156005859__CYGNO_60_40_ER_30_keV_930V_30cm_IDAO_iso_crop_hist_pic_run1_ev344,0.0,0.0,1.0,1.0,5.500174334727053,0.5877275459147382,246.30073538873657,324.7159346242097,92.0,58.0,236.0,306.0,27.0,27.0,0.0,0.0,0.0,0.0,19692.677214218966,7974.619680193412,695.9988779059878,1323.8680946589484,5.381582951725294,0.6131647446182755,28.294122073109087,6.023726768827233,0.1,0.1,1.0,1.0
3,1204.6640911092554,1204.693225504979,1451215.5813803847,1451285.7794129485,1445311.427885852,1444510.1705417323,0.9854919624340988,1.0,84.43197958016036,14.235799002348179,-0.0006002744559412063,-0.8360649411926033,0.364153046433497,2.792535193356503e-10,3.8252947287296674e-10,878,1.302778720855713,ER,10,0.0004423252142756621,0.00043947794264669315,0.004068419310187364,0.00466869376612857,84.43197958016034,14.235799002348177,1.0,1.0,1.0,1.0,0.0,0.0,0.0,0.0,1.0,1.0,0.0,0.0,1.0,1.0,0.0,0.0,1.302778720855713__CYGNO_60_40_ER_10_keV_930V_30cm_IDAO_iso_crop_hist_pic_run4_ev878,0.0,0.0,1.0,1.0,0.594217963904539,0.4649579748736227,285.7035585226962,286.5396234638888,75.0,70.0,137.0,133.0,25.0,23.0,0.0,0.0,0.0,0.0,5904.153494532739,6775.6088712162755,1134.311229970182,1399.6580617624925,0.5678541757973694,0.4919962405228708,5.2050560186095876,4.840902972176091,0.1,0.1,1.0,1.0
4,1204.8971451215077,1204.9516998831916,1451777.128170007,1451908.5985204626,1446720.2681360177,1446615.6570641855,0.03534973022111529,1.0,143.87075253936337,12.401655436711724,-0.0001622853410275806,4.917640113630114,-0.8780698898950368,2.7835602735502837e-10,6.281655213623911e-11,366,1.07835853099823,ER,10,0.0004450050977533219,0.00045571673993678816,0.0034832206237905535,0.003645505964818134,143.87075253936337,12.401655436711724,1.0,1.0,1.0,1.0,0.0,0.0,0.0,0.0,1.0,1.0,0.0,0.0,1.0,1.0,0.0,0.0,1.07835853099823__CYGNO_60_40_ER_10_keV_930V_30cm_IDAO_iso_crop_hist_pic_run2_ev366,0.0,0.0,1.0,1.0,0.5164751652289972,0.654788441795261,286.78370785760177,281.86606774397166,73.0,77.0,138.0,148.0,25.0,25.0,0.0,0.0,0.0,0.0,5056.86003398919,5292.941456277084,1187.6549285234707,1030.5726209985403,0.671479859476183,0.6900781671414143,4.257852944100551,5.135922833995588,0.1,0.1,1.0,1.0
5,1219.811788271224,2986.926930693085,1464952.7287261123,1455201.174794778,1442921.8036645334,1503935.8922841507,1.1984881166032614e-07,1.6631406967531076e-33,211.11559983058098,402.19024293677654,0.04852868007279796,-8.732087903065008,-16.937572817066727,1.4227585134226596e-07,9.556412411128067e-11,119,-1.1953284740447998,ER,30,0.001450614652428402,0.004618055269629844,0.015038659357108658,-0.0334900207156893,211.11559983058095,402.1902429367766,1.0,1.0,1.0,1.0,0.0,0.0,0.0,0.0,1.0,1.0,0.0,0.0,1.0,1.0,0.0,0.0,-1.1953284740447998__CYGNO_60_40_ER_30_keV_930V_30cm_IDAO_iso_crop_hist_pic_run2_ev119,0.0,0.0,1.0,1.0,1.1937963092250496,2.1433320751361733,308.33193566282074,317.06402356588575,92.0,14.0,198.0,304.0,23.0,27.0,0.0,0.0,0.0,0.0,22030.92506157881,-48734.717489372524,1145.2414498078906,-1347.2119597113453,1.3817677834467865,3.0740250619624856,19.2369260344833,36.17449885155003,0.1,0.1,1.0,1.0
6,1202.9089647554122,1202.950311441055,1446989.7128543525,1447089.4617172037,1445525.5491983558,1445445.3269806425,0.5612972515214568,1.0,112.01831934405985,12.538281266371964,-0.00012429787692253957,-1.3383583951537048,-0.17230304700738275,6.906564226650318e-08,4.0536039190350273e-13,830,0.7033238410949707,ER,3,0.00035252451901584446,0.0003591185412778528,0.0010118687389342124,0.001136166615856752,112.01831934405983,12.538281266371964,1.0,1.0,1.0,1.0,0.0,0.0,0.0,0.0,1.0,1.0,0.0,0.0,1.0,1.0,0.0,0.0,0.7033238410949707__CYGNO_60_40_ER_3_keV_930V_30cm_IDAO_iso_crop_hist_pic_run4_ev830,0.0,0.0,1.0,1.0,1.430198620296721,1.2933628849730476,288.6571071795623,289.995465574716,73.0,65.0,185.0,202.0,25.0,27.0,0.0,0.0,0.0,0.0,1464.163655996712,1644.1347365612041,410.0098312266482,439.2150050363879,1.298888793787518,1.2083223424072749,3.571045239613635,3.7433482866210177,0.1,0.1,1.0,1.0
7,1210.974331228729,1211.0054350287207,1466458.5480330235,1466526.292089034,1446905.7183253479,1445105.0604782603,0.530710356320284,0.9999999923879493,113.17332716657884,48.670593786517685,-0.0012734164104834002,-25.622828031821314,-5.258803951385206,6.135386954174733e-08,9.809515867569883e-08,541,0.02338683046400547,ER,30,0.0004984522252212529,0.0007692501738651368,0.013333366793014353,0.014606783203497753,113.17332716657883,48.670593786517685,1.0,1.0,1.0,1.0,0.0,0.0,0.0,0.0,1.0,1.0,0.0,0.0,1.0,1.0,0.0,0.0,0.02338683046400547__CYGNO_60_40_ER_30_keV_930V_30cm_IDAO_iso_crop_hist_pic_run5_ev541,0.0,0.0,1.0,1.0,0.21234588825512093,0.5118089611782319,284.489957928629,310.1127859604503,77.0,92.0,131.0,143.0,23.0,23.0,0.0,0.0,0.0,0.0,19552.82970767556,21421.231610773943,3401.431677595569,1946.1081037657004,0.2327124715541912,0.5204482049083441,5.74841171629742,11.007215667682626,0.1,0.1,1.0,1.0
8,0.0,1209.1387500814055,726934.3667926287,1462016.5279162575,1840823.641260299,1452095.4422564325,0.4217539269339569,0.9820875185402113,117.34376386220471,85.47527956121257,-1.5390965448635023,3.244311701742504,127.76698354317931,0.0059329063645280344,2.3073239847598755e-11,330,-0.24418595433235168,ER,30,0.0,0.0005359776398069834,-1.532310653274462,0.006785891589040393,117.3437638622047,85.47527956121257,0.0,1.0,1.0,1.0,0.0,0.0,0.0,0.0,0.0,1.0,1.0,0.0,1.0,1.0,1.0,0.0,-0.24418595433235168__CYGNO_60_40_ER_30_keV_930V_30cm_IDAO_iso_crop_hist_pic_run3_ev330,0.0,0.0,0.0,1.0,0.0,0.4517259864386403,263.7166826672167,260.47237096547417,0.0,59.0,1366.0,183.0,3.0,25.0,0.0,0.0,0.0,0.0,-1113889.2744676701,9921.085659824972,-8330.442280172829,1668.4979457137295,0.0,0.5425773701380805,133.7131015382968,5.94611799511749,0.1,0.1,1.0,1.0
9,1210.1851758950331,1210.2320189377112,1464548.1104941717,1464660.8930848262,1452906.4746330946,1443951.3767767563,9.878450169021904e-08,0.8453277712335212,211.92806903570423,99.64953247353176,-0.006190500466956298,-34.16948484042814,-8.854254961368923,3.4481750614969406e-11,2.0137730325143837e-07,709,0.21519705653190613,ER,30,0.00044270658068881546,0.0009586793627739977,0.007948961032867059,0.014139461499823357,211.92806903570425,99.64953247353176,1.0,1.0,1.0,1.0,0.0,0.0,0.0,0.0,1.0,1.0,0.0,0.0,1.0,1.0,0.0,0.0,0.21519705653190613__CYGNO_60_40_ER_30_keV_930V_30cm_IDAO_iso_crop_hist_pic_run2_ev709,0.0,0.0,1.0,1.0,0.28375501007829607,0.7485884734038003,252.1937779176937,286.36326275812183,62.0,97.0,250.0,165.0,27.0,23.0,0.0,0.0,0.0,0.0,11641.635861077251,20709.516308069793,2368.834929634209,1504.0952159724657,0.2941219447535826,0.776391990252183,4.9144985644377215,13.768753525806645,0.1,0.1,1.0,1.0
10,1202.6139461469568,1202.6601893237464,1446280.0895125119,1446391.526947096,1444318.291215791,1444993.5751444357,0.23325739629457742,1.0,125.69588085920097,14.453403090561554,0.0003899342897268456,-1.6784248776888262,-0.4212514987403537,4.514783487940875e-08,3.9886657776981297e-10,448,-0.07409637421369553,ER,3,0.0003317186947157511,0.0003835254265958443,0.0013564442399135637,0.0009665099501867181,125.695880859201,14.453403090561554,1.0,1.0,1.0,1.0,0.0,0.0,0.0,0.0,1.0,1.0,0.0,0.0,1.0,1.0,0.0,0.0,-0.07409637421369553__CYGNO_60_40_ER_3_keV_930V_30cm_IDAO_iso_crop_hist_pic_run3_ev448,0.0,0.0,1.0,1.0,1.050938475479219,1.8301985224124684,287.020512854488,288.69893773217683,69.0,65.0,169.0,175.0,25.0,27.0,0.0,0.0,0.0,0.0,1961.79829672092,1397.9518026601288,535.8028547229417,342.4111973733922,0.766464704022411,1.6925236481771766,3.6614181492843043,4.082669648024658,0.1,0.1,1.0,1.0
11,1203.3517011533022,1203.4122795468065,1448055.3198750846,1448201.0427227388,1445988.034714261,1445924.5789959633,0.0037288665394275677,1.0,159.680516796746,13.864901014924369,-0.00014429662849642735,1.727864350420134,-1.5514799639997845,4.5119076121310366e-07,1.0593732431600952e-08,966,0.1762097179889679,ER,3,0.0008382004837514376,0.00041956616833235615,0.0014276285805171218,0.0015719252090135491,159.68051679674596,13.864901014924369,1.0,1.0,1.0,1.0,0.0,0.0,0.0,0.0,1.0,1.0,0.0,0.0,1.0,1.0,0.0,0.0,0.1762097179889679__CYGNO_60_40_ER_3_keV_930V_30cm_IDAO_iso_crop_hist_pic_run4_ev966,0.0,0.0,1.0,1.0,2.3090944807867526,1.4192449246471912,288.7421152000786,287.0142508496585,67.0,71.0,185.0,143.0,25.0,23.0,0.0,0.0,0.0,0.0,2067.2851608235337,2276.463726775581,612.5734312390389,462.11027501524893,3.400569446602849,1.2866946497346305,3.3747548545193693,4.926234818519154,0.1,0.1,1.0,1.0
12,1371.302140035848,1210.6347977246871,1467914.733780823,1465636.5959669773,1443074.743662239,1446449.5316301512,0.0038639635543981227,0.9999999875016726,159.45559909230832,49.39248328471865,0.0038306734745191737,51.803571285706255,12.669721696875584,1.4503300259065123e-06,8.68204633459463e-09,932,1.4008750915527344,ER,30,0.0014144520199446365,0.0006137569963209944,0.016921957077578376,0.013091283603059202,159.45559909230832,49.39248328471865,1.0,1.0,1.0,1.0,0.0,0.0,0.0,0.0,1.0,1.0,0.0,0.0,1.0,1.0,0.0,0.0,1.4008750915527344__CYGNO_60_40_ER_30_keV_930V_30cm_IDAO_iso_crop_hist_pic_run3_ev932,0.0,0.0,1.0,1.0,1.1908454187275301,0.32290442437460337,324.05715404910103,272.2535827633948,94.0,66.0,192.0,149.0,23.0,23.0,0.0,0.0,0.0,0.0,24839.990118583974,19187.064336825995,1248.2860414725421,2653.9756144341713,1.4595108936553796,0.38019943559566266,19.89927732371456,7.229555626838977,0.1,0.1,1.0,1.0
13,1204.8297106445973,1204.869002606693,1451614.6333267177,1451709.6552934945,1445118.3809633288,1444917.4753571192,0.6306311712687693,1.0,109.36683347713821,14.662899962246739,-0.000203554705641768,1.3758980637012428,0.19520590832746088,1.0687683426138183e-10,1.6732018221556233e-07,727,1.0371648073196411,ER,10,0.0004277071450156652,0.0004330710421731843,0.004475190738812867,0.004678745444454635,109.36683347713823,14.662899962246739,1.0,1.0,1.0,1.0,0.0,0.0,0.0,0.0,1.0,1.0,0.0,0.0,1.0,1.0,0.0,0.0,1.0371648073196411__CYGNO_60_40_ER_10_keV_930V_30cm_IDAO_iso_crop_hist_pic_run4_ev727,0.0,0.0,1.0,1.0,0.4841842180176104,0.4314661659003603,288.4301356418776,287.05423757817636,70.0,70.0,123.0,120.0,25.0,23.0,0.0,0.0,0.0,0.0,6496.252363388963,6792.179936375246,1351.9737850300596,1473.4193824627014,0.47797498106341185,0.4741028730360909,4.805013555232897,4.609807646905436,0.1,0.1,1.0,1.0
14,1202.064688831195,1202.1060521871375,1444959.509370159,1445058.9547890017,1442994.8940709168,1442968.8879406604,0.5223041617136418,1.0,113.49064745603432,14.045214909903137,-8.672057244798331e-05,0.19271634111305502,-1.0453922166603897,8.11565590388425e-11,9.420522310100424e-13,921,-0.028106113895773888,ER,3,0.0004338378818971103,0.0004815768826794492,0.0013596334613544892,0.0014463540338024725,113.49064745603431,14.045214909903137,1.0,1.0,1.0,1.0,0.0,0.0,0.0,0.0,1.0,1.0,0.0,0.0,1.0,1.0,0.0,0.0,-0.028106113895773888__CYGNO_60_40_ER_3_keV_930V_30cm_IDAO_iso_crop_hist_pic_run4_ev921,0.0,0.0,1.0,1.0,1.6410287901018112,1.8751084709273544,288.0551631239758,287.8624467828627,69.0,67.0,187.0,173.0,27.0,25.0,0.0,0.0,0.0,0.0,1964.6152992420336,2090.0668483414574,429.2002435966416,371.71424337494574,1.646051114302004,1.9852175489280073,4.5773862632947635,5.622778479955153,0.1,0.1,1.0,1.0
15,1203.0709332307958,1203.1149675261897,1447380.9281693061,1447485.7533535778,1444802.5657373352,1444752.145691251,0.34845266126109714,1.0,120.32263612422236,14.413547008534795,-0.00010712263975997923,0.9089455139255165,0.26822161157151214,1.7083545581802725e-06,3.77271922147901e-08,851,-0.20720970630645752,ER,3,0.0004781297716751447,0.0004381311151851711,0.0017813986503415107,0.00188852129010149,120.32263612422236,14.413547008534795,1.0,1.0,1.0,1.0,0.0,0.0,0.0,0.0,1.0,1.0,0.0,0.0,1.0,1.0,0.0,0.0,-0.20720970630645752__CYGNO_60_40_ER_3_keV_930V_30cm_IDAO_iso_crop_hist_pic_run1_ev851,0.0,0.0,1.0,1.0,1.2339683942344104,1.0567448575262939,289.80797141103193,288.8990258971064,70.0,66.0,136.0,136.0,23.0,23.0,0.0,0.0,0.0,0.0,2578.362431970845,2733.607662326826,532.9282383105173,598.1789499523936,1.5686859230936414,1.2110757534910659,4.838104357436076,4.569882745864564,0.1,0.1,1.0,1.0
16,1205.88536218707,1205.9344492662076,1454159.5023411345,1454277.8397130335,1447366.6087392257,1446734.1006558829,0.11443948008007832,1.0,133.49778693958245,15.122952258822625,-0.0005159211252583513,3.2185642166776347,-0.37162175151261856,6.129634999805506e-12,5.189652591252442e-09,258,-0.1633453071117401,ER,10,0.00039914077982801366,0.00042964611474603976,0.004671353858343911,0.0051872749836022625,133.49778693958245,15.122952258822625,1.0,1.0,1.0,1.0,0.0,0.0,0.0,0.0,1.0,1.0,0.0,0.0,1.0,1.0,0.0,0.0,-0.1633453071117401__CYGNO_60_40_ER_10_keV_930V_30cm_IDAO_iso_crop_hist_pic_run1_ev258,0.0,0.0,1.0,1.0,0.397133335173913,0.4041269458775399,287.1959387739193,283.97737455724166,70.0,78.0,132.0,136.0,25.0,23.0,0.0,0.0,0.0,0.0,6792.8936019087205,7543.739057150559,1559.1547829433355,1595.4100867259592,0.3839876547272387,0.4183126323496542,4.356779504011306,4.7284012555239245,0.1,0.1,1.0,1.0
17,1204.8144191559227,1204.8554376620086,1451578.2053291346,1451676.7195510129,1444402.3187072605,1444817.7744898559,0.4000496378682466,1.0,118.20412199711906,19.386043942573583,0.0002186633994749245,6.627103287185207,0.47051734464992645,3.6766185126676815e-07,4.917426360984378e-08,580,-1.238743543624878,ER,10,0.0004509727851328964,0.0004275839764250923,0.004943506726354383,0.004724843326879459,118.20412199711907,19.386043942573586,1.0,1.0,1.0,1.0,0.0,0.0,0.0,0.0,1.0,1.0,0.0,0.0,1.0,1.0,0.0,0.0,-1.238743543624878__CYGNO_60_40_ER_10_keV_930V_30cm_IDAO_iso_crop_hist_pic_run3_ev580,0.0,0.0,1.0,1.0,0.4892065172364646,0.44430281564181323,293.76238055154937,287.13527726436416,74.0,72.0,122.0,119.0,23.0,23.0,0.0,0.0,0.0,0.0,7175.886621874,6858.945061156866,1379.1304129446867,1449.2731806939084,0.49265169105735007,0.45301014801588946,5.203196561050537,4.73267921640061,0.1,0.1,1.0,1.0
18,1203.2235380965908,1203.2564625631708,1447746.8852936684,1447826.1180735622,1446991.915213821,1446011.418148129,0.9116203164555567,1.0,95.11478573606162,15.881926351424578,-0.0007319169851271464,3.8987440239240527,-4.72368136550974,5.145893266143517e-09,6.220287800682544e-12,319,-1.350871205329895,ER,3,0.0002110405054880846,0.0005921482504621131,0.0005214793328284217,0.001253396317955568,95.11478573606163,15.88192635142458,1.0,1.0,1.0,1.0,0.0,0.0,0.0,0.0,1.0,1.0,0.0,0.0,1.0,1.0,0.0,0.0,-1.350871205329895__CYGNO_60_40_ER_3_keV_930V_30cm_IDAO_iso_crop_hist_pic_run1_ev319,0.0,0.0,1.0,1.0,0.597720726168043,2.652155982125536,292.1536564686432,288.25491244471914,63.0,71.0,301.0,184.0,25.0,29.0,0.0,0.0,0.0,0.0,754.9700798473676,1814.6999254333064,623.7574220641246,305.8118879095994,0.6138987392334996,3.530630688488247,1.2103584713253381,5.934039836835078,0.1,0.1,1.0,1.0
19,1211.5749019332177,1211.4987057103285,1467913.8602316834,1467728.6109270698,1464595.8895323027,1466439.0580011457,3.800078953578171e-57,4.141258125296924e-90,545.2594167788061,729.8848655832471,0.0013817261813090713,9.253060946457481,-0.4312760327027969,1.1049946712437101e-08,3.7282223558452296e-07,371,-0.3282357454299927,ER,30,0.0003489099279322086,0.0003523635799365759,0.002260330656498427,0.0008786044751893555,545.2594167788062,729.8848655832473,1.0,1.0,1.0,1.0,0.0,0.0,0.0,0.0,1.0,1.0,0.0,0.0,1.0,1.0,0.0,0.0,-0.3282357454299927__CYGNO_60_40_ER_30_keV_930V_30cm_IDAO_iso_crop_hist_pic_run1_ev371,0.0,0.0,1.0,1.0,0.6221430855703447,1.8750024806017427,286.8205557715159,277.5674948250584,52.0,44.0,133.0,175.0,25.0,25.0,0.0,0.0,0.0,0.0,3317.9706993806208,1289.55292592398,913.8174361324169,317.4545003281509,0.5654748246445498,1.4338117965067183,3.630890118953508,4.062166151656305,0.1,0.1,1.0,1.0
20,1203.4737996800502,1203.5056043284908,1448349.1887484742,1448425.7525546986,1446971.3746422925,1446918.6354150805,0.9533360196093343,1.0,90.8112372114395,14.247631006750414,-8.92211410109656e-05,1.803627351822911,-0.7303017721505958,8.267164658310434e-12,2.776041044088928e-09,318,1.1578073501586914,ER,3,0.0003626560067092874,0.00039286269632911157,0.0009512996706079979,0.0010405208116189635,90.8112372114395,14.247631006750415,1.0,1.0,1.0,1.0,0.0,0.0,0.0,0.0,1.0,1.0,0.0,0.0,1.0,1.0,0.0,0.0,1.1578073501586914__CYGNO_60_40_ER_3_keV_930V_30cm_IDAO_iso_crop_hist_pic_run3_ev318,0.0,0.0,1.0,1.0,1.5814617814331513,1.7748799002465938,291.161382776521,289.3577554246981,65.0,64.0,219.0,187.0,27.0,23.0,0.0,0.0,0.0,0.0,1377.8141061817846,1507.117139618023,383.6604737736675,348.7458189598105,1.496949628173743,1.6661553488565382,3.59123287481159,4.321534646962186,0.1,0.1,1.0,1.0
21,1211.106412185359,1211.176222082384,1466778.729101796,1466947.2928896698,1445638.5696533096,1448679.6722187467,1.8543126573106797e-07,0.9999999999812202,209.26862541843985,41.13634724916564,0.0019598306233229255,24.6451222532134,2.925676248639876,1.272705857281492e-09,1.6088384577261774e-10,389,-1.5318984985351562,ER,30,0.0007293508798458835,0.0005964322339857575,0.014412643863080624,0.012452813239757698,209.26862541843985,41.13634724916563,1.0,1.0,1.0,1.0,0.0,0.0,0.0,0.0,1.0,1.0,0.0,0.0,1.0,1.0,0.0,0.0,-1.5318984985351562__CYGNO_60_40_ER_30_keV_930V_30cm_IDAO_iso_crop_hist_pic_run3_ev389,0.0,0.0,1.0,1.0,0.4699243473880161,0.3127031302340465,283.56758188908464,258.92245963587123,80.0,67.0,145.0,178.0,25.0,23.0,0.0,0.0,0.0,0.0,21140.159448486196,18267.620670923192,2108.3814830743413,2572.524651110077,0.4835264267444114,0.3759298239417375,10.026724109557549,7.101047860917673,0.1,0.1,1.0,1.0
22,1202.473134341609,1202.5125102035697,1445941.6345392794,1446036.3592981664,1444568.979110873,1444589.967407676,0.656228238435982,1.0,108.3624516197835,13.640703177092885,-5.0929935397419474e-05,-0.33608547812258394,5.328269267497749,4.14991557435627e-06,3.356514196287242e-12,603,1.1845917701721191,ER,3,0.0007171462924506539,0.00038746783950402387,0.0009493159306140825,0.001000245866011502,108.36245161978347,13.640703177092885,1.0,1.0,1.0,1.0,0.0,0.0,0.0,0.0,1.0,1.0,0.0,0.0,1.0,1.0,0.0,0.0,1.1845917701721191__CYGNO_60_40_ER_3_keV_930V_30cm_IDAO_iso_crop_hist_pic_run5_ev603,0.0,0.0,1.0,1.0,6.24885509313613,1.7567998842541115,286.69604879006334,287.0321342681859,66.0,70.0,156.0,206.0,23.0,27.0,0.0,0.0,0.0,0.0,1372.6554284063036,1446.3918904903137,145.34808509757485,351.43713879590354,7.129694847378952,1.6804344743109703,9.443918215261073,4.115648947763324,0.1,0.1,1.0,1.0
23,1205.0428642505601,1205.0873146704787,1452128.3039583103,1452235.4172372571,1445961.5399166592,1444805.1774478944,0.3165538123369885,1.0,121.70164075258123,14.582763152877128,-0.0008697080748506173,-7.629915993209011,-0.718993480527895,5.382930454417742e-09,5.084727089428145e-14,464,-0.956130862236023,ER,10,0.00040825810199620927,0.00044685550576130465,0.004246707418925204,0.0051164154937758215,121.70164075258124,14.582763152877128,1.0,1.0,1.0,1.0,0.0,0.0,0.0,0.0,1.0,1.0,0.0,0.0,1.0,1.0,0.0,0.0,-0.956130862236023__CYGNO_60_40_ER_10_keV_930V_30cm_IDAO_iso_crop_hist_pic_run5_ev464,0.0,0.0,1.0,1.0,0.4565832698634722,0.47210921129132444,284.1905345986498,291.8204505918588,71.0,70.0,141.0,134.0,27.0,27.0,0.0,0.0,0.0,0.0,6166.76404165103,7430.239789362697,1376.8109182992062,1429.4382651076419,0.4482034144076659,0.46395959625983907,4.479020292248205,5.1980137727761,0.1,0.1,1.0,1.0
24,1202.5996139284573,1202.6397422824741,1446245.8495587069,1446342.336287526,1442842.3975026715,1444665.9132577118,0.5575084492823821,1.0,112.16156727577581,15.663787539879364,0.0011942235563587767,-0.35986282780220336,0.9122032878963262,1.0211262909521703e-08,1.835447396230926e-09,962,-1.4057828187942505,ER,3,0.0004436993445770454,0.0003902098503425139,0.0023533011742602854,0.0011590776179015087,112.16156727577578,15.663787539879367,1.0,1.0,1.0,1.0,0.0,0.0,0.0,0.0,1.0,1.0,0.0,0.0,1.0,1.0,0.0,0.0,-1.4057828187942505__CYGNO_60_40_ER_3_keV_930V_30cm_IDAO_iso_crop_hist_pic_run2_ev962,0.0,0.0,1.0,1.0,1.0684709384279902,1.6990369988168592,287.86782608161695,288.22768890941916,69.0,72.0,125.0,175.0,23.0,23.0,0.0,0.0,0.0,0.0,3403.452056035569,1676.4230298142484,636.0025471935494,377.64802969138265,0.9840655918992988,1.4489385403644528,5.351318278604039,4.439114990707713,0.1,0.1,1.0,1.0
25,1205.1140429913328,1205.1775913708727,1452299.8720053388,1452453.0564183884,1445889.8031302919,1445845.1983468386,0.0006418006737554155,1.0,170.13621867714747,16.943582818208903,-0.00013571046582527748,-13.163748918092494,-1.0503815807741974,2.211552547503749e-09,4.980126770885755e-14,927,0.7916887998580933,ER,10,0.0003940775179275402,0.0004716314070597126,0.004413736445625417,0.004549446911450695,170.13621867714744,16.9435828182089,1.0,1.0,1.0,1.0,0.0,0.0,0.0,0.0,1.0,1.0,0.0,0.0,1.0,1.0,0.0,0.0,0.7916887998580933__CYGNO_60_40_ER_10_keV_930V_30cm_IDAO_iso_crop_hist_pic_run1_ev927,0.0,0.0,1.0,1.0,0.40442540909230495,0.550281067344152,286.59380659158376,299.75755550967625,67.0,76.0,136.0,151.0,25.0,27.0,0.0,0.0,0.0,0.0,6410.068875047093,6607.858071549759,1510.361901406982,1248.0742367236828,0.39355224166818004,0.6006773051335436,4.2440615517882,5.294443132562398,0.1,0.1,1.0,1.0
26,1206.4691335431924,1206.50445833008,1455567.672191882,1455653.0242727513,1447364.806849722,1447248.3795102516,0.8836877445751625,1.0,97.22969362149773,11.97573581897419,-0.0001382873628032119,-5.842877909215986,-0.2914292072943452,1.0984190529842188e-07,3.703927527456878e-12,478,-0.7970346212387085,ER,10,0.0004454844878018372,0.0004443669997087206,0.005635509429669818,0.00577379679247303,97.22969362149772,11.97573581897419,1.0,1.0,1.0,1.0,0.0,0.0,0.0,0.0,1.0,1.0,0.0,0.0,1.0,1.0,0.0,0.0,-0.7970346212387085__CYGNO_60_40_ER_10_keV_930V_30cm_IDAO_iso_crop_hist_pic_run3_ev478,0.0,0.0,1.0,1.0,0.36336260849104923,0.38781443446987335,285.6693545215785,291.5122324307945,69.0,74.0,131.0,120.0,23.0,25.0,0.0,0.0,0.0,0.0,8202.865342159897,8404.644762499678,1765.3828751766396,1702.0558806136137,0.4219088101449779,0.40873865831325606,4.646507824167684,4.937937031462029,0.1,0.1,1.0,1.0
27,1205.511523005694,1205.549148957722,1453258.024746236,1453348.759426813,1446980.1583848286,1446424.8094778121,0.6906644905641531,1.0,106.97522506253421,16.24058948505241,-0.0004442785137365691,-9.21854323086393,0.4607129327925472,3.5297928910191572e-12,2.1968645746105012e-13,253,-0.6040389537811279,ER,10,0.0004374100624340817,0.00041301046645571873,0.0043198566631026695,0.004764135176839239,106.9752250625342,16.24058948505241,1.0,1.0,1.0,1.0,0.0,0.0,0.0,0.0,1.0,1.0,0.0,0.0,1.0,1.0,0.0,0.0,-0.6040389537811279__CYGNO_60_40_ER_10_keV_930V_30cm_IDAO_iso_crop_hist_pic_run3_ev253,0.0,0.0,1.0,1.0,0.5285865346764465,0.4136742410277335,280.66714452033534,289.88568775119927,69.0,75.0,145.0,134.0,27.0,25.0,0.0,0.0,0.0,0.0,6277.866361407451,6923.949949000948,1256.931123028243,1527.1558520383437,0.5240253104725946,0.41137259198278114,4.994598547518334,4.533885614725786,0.1,0.1,1.0,1.0
28,1210.99699738767,1210.1489448878256,1464467.015598829,1464460.4334733828,1444996.6057653574,1441724.3379851296,0.00022729647627311688,0.995115758408455,175.817760857738,79.59586836186777,-0.0022300180263906746,-24.76231793933607,-1.441199348908425,8.471515387765442e-06,4.051163130309595e-13,256,-0.7081594467163086,ER,30,0.0006866084840048272,0.0007126638169034209,0.013295219097515833,0.015525237123906507,175.817760857738,79.59586836186779,1.0,1.0,1.0,1.0,0.0,0.0,0.0,0.0,1.0,1.0,0.0,0.0,1.0,1.0,0.0,0.0,-0.7081594467163086__CYGNO_60_40_ER_30_keV_930V_30cm_IDAO_iso_crop_hist_pic_run4_ev256,0.0,0.0,1.0,1.0,0.4057262651008791,0.4170319592329588,251.393674820613,276.1559927599491,79.0,90.0,157.0,187.0,23.0,27.0,0.0,0.0,0.0,0.0,19470.409833471567,22736.09548825318,2323.4085690500547,2314.9769746570005,0.4829591943419926,0.42781663857148283,8.380105889612093,9.821305238520518,0.1,0.1,1.0,1.0
29,1204.1380562565532,1204.1813963612365,1449948.585857318,1450052.9029229823,1448510.1219676791,1447510.2342176891,0.4168284407343808,1.0,117.5377192467667,13.187624618074846,-0.0007614214092697927,2.9563444042534,-1.0954430865954308,1.6615788187877006e-08,1.918812193334112e-08,438,0.23175722360610962,ER,3,0.0003967647115823292,0.00044686417245434025,0.00099207923899475,0.0017535006482645428,117.5377192467667,13.187624618074846,1.0,1.0,1.0,1.0,0.0,0.0,0.0,0.0,1.0,1.0,0.0,0.0,1.0,1.0,0.0,0.0,0.23175722360610962__CYGNO_60_40_ER_3_keV_930V_30cm_IDAO_iso_crop_hist_pic_run1_ev438,0.0,0.0,1.0,1.0,1.51700279653933,1.2569030331888726,291.3758298777066,288.4194854734532,67.0,74.0,197.0,136.0,25.0,23.0,0.0,0.0,0.0,0.0,1438.4638896388421,2542.6687052933316,378.2652987720517,519.0990545943835,1.8024974892489454,1.372988479663243,3.802791041918127,4.8982341285135576,0.1,0.1,1.0,1.0
30,1203.3083296019115,1203.3478895297033,1447950.9376219984,1448046.8856132643,1445506.7197382099,1445514.6388299242,0.5865017210570187,1.0,111.06244354466821,15.849644298661481,-6.067961965370737e-05,-2.067062723650963,0.3278267132764192,1.4158542114751677e-10,4.497425008202307e-07,208,1.5102163553237915,ER,3,0.0004441245648309196,0.00045563638274613984,0.0016880529721557838,0.0017487325918094912,111.06244354466821,15.84964429866148,1.0,1.0,1.0,1.0,0.0,0.0,0.0,0.0,1.0,1.0,0.0,0.0,1.0,1.0,0.0,0.0,1.5102163553237915__CYGNO_60_40_ER_3_keV_930V_30cm_IDAO_iso_crop_hist_pic_run5_ev208,0.0,0.0,1.0,1.0,1.5436743593842714,1.3295927149077482,287.4984379514238,289.56550067507476,63.0,72.0,174.0,135.0,27.0,23.0,0.0,0.0,0.0,0.0,2444.217883788568,2532.2467833401456,452.9825860655628,499.6535509987185,1.3759105693931069,1.4416377104997733,5.395831890621071,5.068005177344652,0.1,0.1,1.0,1.0
31,1205.1427484917533,1205.189110952025,1452369.03767358,1452480.8034673305,1447789.5809189805,1446804.4057227701,0.24746931295061725,1.0,124.96191960051371,13.20687629339735,-0.0007549762993347992,-0.13022405189838082,-1.1890092950321716,1.9383110020685652e-11,1.0917564917592164e-10,895,0.3293018341064453,ER,10,0.0003971741806099678,0.00045814305473147493,0.0031530944517620596,0.003908070751096859,124.96191960051371,13.20687629339735,1.0,1.0,1.0,1.0,0.0,0.0,0.0,0.0,1.0,1.0,0.0,0.0,1.0,1.0,0.0,0.0,0.3293018341064453__CYGNO_60_40_ER_10_keV_930V_30cm_IDAO_iso_crop_hist_pic_run1_ev895,0.0,0.0,1.0,1.0,0.5127307368049902,0.6120103776159037,285.3299233462196,285.46014739811795,65.0,68.0,148.0,137.0,25.0,25.0,0.0,0.0,0.0,0.0,4579.456754599567,5676.39774456034,1150.370654583587,1097.9784664136691,0.5681337078260101,0.6519979796367528,3.980853246171553,5.169862541203725,0.1,0.1,1.0,1.0
32,1203.166146331579,1203.20070687857,1447608.7795957155,1447691.931537286,1444613.2343881342,1445326.0335314637,0.9103471971250227,1.0,95.22039310178198,12.068461504565818,0.0004350506173528409,0.45664827221349924,1.9824815137560563,9.887912969301513e-12,2.181646827043828e-13,135,-0.55960613489151,ER,3,0.0005478446216969742,0.0003933387913141141,0.0020693057750159234,0.0016342551576630825,95.220393101782,12.068461504565818,1.0,1.0,1.0,1.0,0.0,0.0,0.0,0.0,1.0,1.0,0.0,0.0,1.0,1.0,0.0,0.0,-0.55960613489151__CYGNO_60_40_ER_3_keV_930V_30cm_IDAO_iso_crop_hist_pic_run5_ev135,0.0,0.0,1.0,1.0,1.471127754805521,1.0329904535510972,288.98133689943984,288.52468862722634,73.0,70.0,158.0,178.0,25.0,27.0,0.0,0.0,0.0,0.0,2995.5452075811672,2365.8980058220395,492.130472384063,576.4281647687523,1.8616455466429176,1.0706060013270409,6.086892350050246,4.10441083629419,0.1,0.1,1.0,1.0
33,1204.671717742776,1204.715025336236,1451233.9491532024,1451338.3159443513,1444048.5056204149,1444393.305077612,0.40395987976539105,1.0,118.04798759949297,13.68405902271411,0.0001660187779911563,2.364619091463055,-0.047160886666673285,6.2620978628628304e-09,1.6142611156869571e-12,147,-0.0918494313955307,ER,10,0.0004402722005716786,0.0004477498437333278,0.0049512647750420205,0.004785245997050864,118.04798759949296,13.68405902271411,1.0,1.0,1.0,1.0,0.0,0.0,0.0,0.0,1.0,1.0,0.0,0.0,1.0,1.0,0.0,0.0,-0.0918494313955307__CYGNO_60_40_ER_10_keV_930V_30cm_IDAO_iso_crop_hist_pic_run3_ev147,0.0,0.0,1.0,1.0,0.46555827056580645,0.4883033035949508,293.00992551492214,290.6453064234591,72.0,74.0,120.0,132.0,25.0,25.0,0.0,0.0,0.0,0.0,7185.443532787373,6945.01086673925,1426.1592427320384,1365.6552827397402,0.4633668801794017,0.5012015929405825,5.038317824188059,5.085478710854733,0.1,0.1,1.0,1.0
34,1211.1374046370793,1211.1856909571054,1466852.8222279777,1466970.7581098725,1446196.8051409977,1448021.8858363263,0.055186058072531574,1.0,140.19212374929515,23.241892122197648,0.0011648531919571554,-0.208700671223653,3.3216988782384407,8.363821828035621e-07,3.772924347734931e-14,635,0.8986334204673767,ER,30,0.0006237565381059773,0.00048399932272456987,0.01408186068429535,0.012917007492338194,140.19212374929515,23.241892122197655,1.0,1.0,1.0,1.0,0.0,0.0,0.0,0.0,1.0,1.0,0.0,0.0,1.0,1.0,0.0,0.0,0.8986334204673767__CYGNO_60_40_ER_30_keV_930V_30cm_IDAO_iso_crop_hist_pic_run5_ev635,0.0,0.0,1.0,1.0,0.3732217848555415,0.2002837441692428,300.74332716769777,300.9520278389214,79.0,72.0,135.0,202.0,23.0,27.0,0.0,0.0,0.0,0.0,20656.017086979835,18948.87227354626,2371.7634678819063,3517.231334258498,0.3544783728645078,0.2243256000008442,8.709138734406178,5.387439856167737,0.1,0.1,1.0,1.0
35,1205.0579819467946,1205.0983598361677,1452164.6863927627,1452261.9281794024,1445067.350769929,1445107.7379045992,0.4493987481250871,1.0,116.26707786757844,18.94935930966934,-3.8821778379583526e-05,3.0939583108173565,-0.4667542487538805,5.723659218374041e-08,3.258402731474255e-08,834,0.8458836674690247,ER,10,0.0004305365239223285,0.0004351387285522571,0.0048874178592400895,0.004926239637619673,116.26707786757844,18.949359309669344,1.0,1.0,1.0,1.0,0.0,0.0,0.0,0.0,1.0,1.0,0.0,0.0,1.0,1.0,0.0,0.0,0.8458836674690247__CYGNO_60_40_ER_10_keV_930V_30cm_IDAO_iso_crop_hist_pic_run2_ev834,0.0,0.0,1.0,1.0,0.3876459711871006,0.43243462122418397,287.16382452428417,284.0698662134668,69.0,68.0,118.0,136.0,23.0,23.0,0.0,0.0,0.0,0.0,7097.3356228337725,7154.190274803346,1646.8245370106836,1497.8005496918831,0.44612639889956046,0.45479254318883,4.309709664465443,4.776463913219324,0.1,0.1,1.0,1.0
36,1205.045331313691,1205.0962382493096,1452134.487982189,1452256.9375514968,1446355.6940135262,1445953.2748035986,0.09064283234006575,1.0,135.74707175872854,13.062480380850259,-0.0003610803815261316,-5.412218426974789,-0.9997060633703212,5.282376256487862e-08,7.072493521696369e-12,477,1.481482744216919,ER,10,0.0004032419522007184,0.0004457024608771185,0.003979517060222686,0.004340597441748818,135.7470717587285,13.062480380850257,1.0,1.0,1.0,1.0,0.0,0.0,0.0,0.0,1.0,1.0,0.0,0.0,1.0,1.0,0.0,0.0,1.481482744216919__CYGNO_60_40_ER_10_keV_930V_30cm_IDAO_iso_crop_hist_pic_run4_ev477,0.0,0.0,1.0,1.0,0.44097179857782526,0.5479634516461543,285.9341808610286,291.3463992880034,66.0,77.0,136.0,130.0,23.0,25.0,0.0,0.0,0.0,0.0,5778.793968662857,6303.662747898,1392.7186719441802,1224.250785494183,0.4670193793511727,0.545125382879213,4.14929022283868,5.148996286209001,0.1,0.1,1.0,1.0
37,1210.6811410225212,1210.7154208700495,1465715.2288217947,1465831.8084039334,1450683.1300462375,1451972.080186111,2.061160563908583e-08,0.8981573746937807,218.3991992917733,96.18298581127829,0.0008006144833259642,-41.39683169543548,1.4645746707459093,2.174348370641376e-11,1.5874991353120822e-10,220,0.2815476357936859,ER,30,0.0006625155474095233,0.00048582855280201824,0.01025581127900305,0.009455196795677086,218.3991992917733,96.18298581127826,1.0,1.0,1.0,1.0,0.0,0.0,0.0,0.0,1.0,1.0,0.0,0.0,1.0,1.0,0.0,0.0,0.2815476357936859__CYGNO_60_40_ER_30_keV_930V_30cm_IDAO_iso_crop_hist_pic_run2_ev220,0.0,0.0,1.0,1.0,0.4222307705225319,0.2760414773733012,253.0262344288684,294.4230661243039,73.0,54.0,215.0,134.0,27.0,25.0,0.0,0.0,0.0,0.0,15032.098775557099,13859.72821782242,2198.7516604251523,2579.9571992123033,0.5547142207151079,0.3103673518877445,6.836651471885861,5.372076801139952,0.1,0.1,1.0,1.0
38,1204.7208568199544,1204.755119815395,1451352.3230235425,1451434.9041118184,1444577.4076594305,1445350.5828952047,0.9169911061412456,1.0,94.65725815613683,12.094743386500264,0.0004760665698582923,2.043920845907678,0.4588078222539833,3.833590961339204e-10,5.90408680557619e-09,682,1.375585675239563,ER,10,0.0004677664139165492,0.00044450755933475073,0.004668001874278235,0.004191935304419942,94.65725815613682,12.094743386500262,1.0,1.0,1.0,1.0,0.0,0.0,0.0,0.0,1.0,1.0,0.0,0.0,1.0,1.0,0.0,0.0,1.375585675239563__CYGNO_60_40_ER_10_keV_930V_30cm_IDAO_iso_crop_hist_pic_run4_ev682,0.0,0.0,1.0,1.0,0.5520895571986794,0.5384751569928895,294.74905824704314,292.70513740113546,74.0,75.0,133.0,121.0,25.0,23.0,0.0,0.0,0.0,0.0,6774.9153641119665,6084.3212166137055,1247.4859551325626,1223.7054421194919,0.5714080727776909,0.563661552136294,5.430855021844345,4.972047199590362,0.1,0.1,1.0,1.0
39,1203.1525183088127,1203.1938394845802,1447575.974007979,1447675.4048209686,1445799.803630314,1446004.4234935818,0.5346147500919125,1.0,113.02597735596655,13.594292309776268,7.274493382157391e-05,-0.0662857156240193,1.045775934658069,2.1960428917526942e-11,7.158517233634691e-08,787,-0.3114108145236969,ER,3,0.0004740429328073354,0.00043481570793089063,0.001226996309386908,0.001154251375565334,113.02597735596655,13.594292309776268,1.0,1.0,1.0,1.0,0.0,0.0,0.0,0.0,1.0,1.0,0.0,0.0,1.0,1.0,0.0,0.0,-0.3114108145236969__CYGNO_60_40_ER_3_keV_930V_30cm_IDAO_iso_crop_hist_pic_run2_ev787,0.0,0.0,1.0,1.0,2.251420339297385,1.7871300470772495,287.65413060085666,287.7204163164807,63.0,67.0,172.0,160.0,27.0,23.0,0.0,0.0,0.0,0.0,1776.170377664949,1670.9813273867048,311.20022083917036,358.44827537369116,2.2475788513424937,1.9513213539595171,5.707484309861341,4.661708375203272,0.1,0.1,1.0,1.0
40,1205.4360073283565,1205.4791622615403,1453075.471716042,1453180.010293166,1445908.8207465801,1446070.483419824,0.4814253686372518,1.0,115.03944810983438,10.989757968831913,3.966451914183978e-05,2.186113517365527,-0.35869432527397294,2.73546576030512e-07,2.0650673698489005e-11,404,-0.1169259250164032,ER,10,0.00040504542423884765,0.00044169972627896637,0.004932056943331422,0.0048923924241895825,115.03944810983438,10.989757968831913,1.0,1.0,1.0,1.0,0.0,0.0,0.0,0.0,1.0,1.0,0.0,0.0,1.0,1.0,0.0,0.0,-0.1169259250164032__CYGNO_60_40_ER_10_keV_930V_30cm_IDAO_iso_crop_hist_pic_run5_ev404,0.0,0.0,1.0,1.0,0.3797420429844935,0.428969711514781,290.9208883178359,288.73477480047035,73.0,75.0,121.0,133.0,23.0,25.0,0.0,0.0,0.0,0.0,7166.650969461686,7109.526873342024,1638.17880660687,1501.972030757892,0.3782997428371858,0.47622744523886756,4.374767235760936,4.733461561034909,0.1,0.1,1.0,1.0
41,0.0,1205.467122485571,740784.7046907959,1453150.994394925,1762842.9286569082,1443596.8840706435,0.022569147973451796,1.0,147.34521766132076,17.002803340438632,-1.3862714695233995,-18.906314570065774,146.4522895537542,0.0014175268038943353,1.984328806321737e-09,962,1.292822241783142,ER,30,0.0,0.0004926507807368449,-1.3796967155156374,0.006574754007762088,147.34521766132076,17.002803340438632,0.0,1.0,1.0,1.0,0.0,0.0,0.0,0.0,0.0,1.0,1.0,0.0,1.0,1.0,1.0,0.0,1.292822241783142__CYGNO_60_40_ER_30_keV_930V_30cm_IDAO_iso_crop_hist_pic_run2_ev962,0.0,0.0,0.0,1.0,0.0,0.43201955919135276,266.78916484056396,285.69547941062973,0.0,74.0,1370.0,118.0,3.0,23.0,0.0,0.0,0.0,0.0,-1022058.2239661125,9554.110324281497,-6713.716471885469,1652.3728980044634,0.0,0.4589814309441478,152.2343441588738,5.782054605119582,0.1,0.1,1.0,1.0
42,1203.4641187372904,1203.5091846273592,1448325.8414085314,1448434.3570803222,1445807.9635936653,1446729.8541501958,0.32993076640725594,1.0,121.11563586875664,12.642944357863115,0.0005616847822695391,-1.6429494858021485,0.031099324933902217,2.4696988760981918e-09,3.722910845772346e-11,778,-1.2068257331848145,ER,3,0.0004175415357834991,0.0004266392919512753,0.0017384746877246253,0.0011767899054550863,121.11563586875664,12.642944357863115,1.0,1.0,1.0,1.0,0.0,0.0,0.0,0.0,1.0,1.0,0.0,0.0,1.0,1.0,0.0,0.0,-1.2068257331848145__CYGNO_60_40_ER_3_keV_930V_30cm_IDAO_iso_crop_hist_pic_run4_ev778,0.0,0.0,1.0,1.0,1.1919266251143859,1.709341727328236,285.9676477906457,287.61059727644783,68.0,72.0,165.0,187.0,25.0,25.0,0.0,0.0,0.0,0.0,2517.877814866202,1704.502930126451,546.8240028071585,372.69525624658394,1.1671779515567646,1.8267707804009532,4.604548816329392,4.57344949139549,0.1,0.1,1.0,1.0
43,1205.2008383472294,1205.2507443827492,1452509.0795451407,1452629.3517738183,1444666.6598450665,1445276.5973865283,0.12112222448093693,1.0,132.93151523285604,12.64818402782155,0.0003375359920330511,-7.177833271710824,0.14738216888324196,9.34136964209294e-09,2.035269106903072e-11,866,1.296540379524231,ER,10,0.0004345257660617653,0.0004277803611987465,0.005399222497480205,0.005061686505447154,132.93151523285607,12.64818402782155,1.0,1.0,1.0,1.0,0.0,0.0,0.0,0.0,1.0,1.0,0.0,0.0,1.0,1.0,0.0,0.0,1.296540379524231__CYGNO_60_40_ER_10_keV_930V_30cm_IDAO_iso_crop_hist_pic_run1_ev866,0.0,0.0,1.0,1.0,0.4037004061128889,0.4111217957776565,284.0732131975621,291.2510464692729,69.0,68.0,137.0,117.0,23.0,23.0,0.0,0.0,0.0,0.0,7842.419700074389,7352.754387289982,1616.9099758378911,1563.461409217752,0.4122738935333052,0.4235825317675268,4.850251292444656,4.702869123561414,0.1,0.1,1.0,1.0
44,1210.8223716223752,1223.1875448965793,1466090.1944992524,1466875.1534558444,1461438.2618750145,1451452.6705726082,9.97943073254021e-29,0.9974046004142624,371.1858353247926,77.12677956572531,-0.007340815299539682,49.30932698998873,-1.9796357132703966,8.136878402340613e-07,2.1374796712092903e-12,189,-1.5077987909317017,ER,30,0.00040065696688201965,0.0006027722807522761,0.0031730193965500593,0.010513834696089741,371.18583532479266,77.12677956572533,1.0,1.0,1.0,1.0,0.0,0.0,0.0,0.0,1.0,1.0,0.0,0.0,1.0,1.0,0.0,0.0,-1.5077987909317017__CYGNO_60_40_ER_30_keV_930V_30cm_IDAO_iso_crop_hist_pic_run2_ev189,0.0,0.0,1.0,1.0,0.5582183323160448,0.30636606530905447,290.5314760036741,241.22214901368534,66.0,59.0,120.0,204.0,23.0,27.0,0.0,0.0,0.0,0.0,4651.932624237977,15422.48288323602,1141.1440866334383,2546.5664073817825,0.5814136783378387,0.4545977250940426,4.076551487868581,6.056187201138978,0.1,0.1,1.0,1.0
45,1202.5208914175114,1202.564236911628,1446056.4883004718,1446160.766898329,1445211.2077679494,1445081.4544835284,0.44309942134886965,1.0,116.51080414032029,12.207757473591935,-0.0001617876327648424,5.387161712619331,3.424777412816539,1.019395806126263e-10,5.052212441122786e-09,227,-0.5288375020027161,ER,3,0.0005588189842361982,0.00045404317355954396,0.0005845418483725966,0.000746329481137439,116.51080414032029,12.207757473591936,1.0,1.0,1.0,1.0,0.0,0.0,0.0,0.0,1.0,1.0,0.0,0.0,1.0,1.0,0.0,0.0,-0.5288375020027161__CYGNO_60_40_ER_3_keV_930V_30cm_IDAO_iso_crop_hist_pic_run4_ev227,0.0,0.0,1.0,1.0,9.513599063723724,3.569892187158493,293.42615423268984,288.0389925200705,72.0,72.0,177.0,161.0,27.0,23.0,0.0,0.0,0.0,0.0,845.280532522344,1079.3124148005506,93.95283169559232,193.69998128309973,5.626098264815441,3.292886277969392,8.99686062960888,5.5720832167923415,0.1,0.1,1.0,1.0
46,1203.2527919721122,1203.3007426742765,1447817.2828025299,1447932.6973722551,1446154.1673216722,1445864.1083140476,0.23285165588491308,1.0,125.71723271774323,10.302638135489081,-0.000279944641591476,-0.8656465076101654,-1.532845908478515,5.301687402643499e-11,5.553153559919364e-12,876,1.2494564056396484,ER,3,0.0003108541710734176,0.0004341521855657094,0.0011487053653885995,0.0014286500069800754,125.71723271774326,10.30263813548908,1.0,1.0,1.0,1.0,0.0,0.0,0.0,0.0,1.0,1.0,0.0,0.0,1.0,1.0,0.0,0.0,1.2494564056396484__CYGNO_60_40_ER_3_keV_930V_30cm_IDAO_iso_crop_hist_pic_run1_ev876,0.0,0.0,1.0,1.0,1.0956540405793456,1.5156551580988602,287.969772548339,288.83541905594916,67.0,69.0,222.0,172.0,27.0,25.0,0.0,0.0,0.0,0.0,1663.1154808576093,2068.5890582075517,501.3984256880114,426.5308105829794,0.7527146621609441,1.5665563825989322,3.3169539345391983,4.849799843017713,0.1,0.1,1.0,1.0
47,1209.4630834416314,1209.485020641254,1462800.7990462908,1462853.1132180179,1445093.8706898936,1450082.0163088422,0.28714465738604744,0.99969984273812,123.03604947180145,70.0001091795177,0.0033745457119510516,20.0284572685253,1.4498319339528827,3.672785512211006e-08,9.280768362058693e-07,121,-0.4716307818889618,ER,30,0.0006020962730567669,0.000605611171309741,0.012104811788414148,0.008730266076463097,123.03604947180145,70.00010917951771,1.0,1.0,1.0,1.0,0.0,0.0,0.0,0.0,1.0,1.0,0.0,0.0,1.0,1.0,0.0,0.0,-0.4716307818889618__CYGNO_60_40_ER_30_keV_930V_30cm_IDAO_iso_crop_hist_pic_run5_ev121,0.0,0.0,1.0,1.0,0.38563307732178864,0.43963727308357986,282.56295608697224,262.53449881844693,71.0,63.0,134.0,136.0,25.0,23.0,0.0,0.0,0.0,0.0,17706.928356397177,12771.09690917569,2195.2775932354357,1930.3100647918552,0.38716216465327563,0.5478074969446955,8.065917682100704,6.616085748147821,0.1,0.1,1.0,1.0
48,1202.8649339201638,1202.9186597938633,1446884.0549825197,1447013.3085333793,1446143.4190410767,1445688.614658171,0.05050526266076194,1.0,140.9449951038031,11.691468465169393,-0.000403584243194614,-3.0444812706709854,-2.869789949701412,1.0604626579569236e-10,2.314542983911225e-12,252,1.4431653022766113,ER,3,0.00027147227682206286,0.0004674143399746019,0.0005118834082748843,0.0009154676514694982,140.9449951038031,11.69146846516939,1.0,1.0,1.0,1.0,0.0,0.0,0.0,0.0,1.0,1.0,0.0,0.0,1.0,1.0,0.0,0.0,1.4431653022766113__CYGNO_60_40_ER_3_keV_930V_30cm_IDAO_iso_crop_hist_pic_run2_ev252,0.0,0.0,1.0,1.0,1.1886984243737488,2.441095397181922,285.61920540542525,288.66368667609623,63.0,70.0,257.0,185.0,27.0,25.0,0.0,0.0,0.0,0.0,740.6359414430373,1324.6938752081612,356.1436755951047,267.6479776479316,1.2849347175969459,2.9202723744338908,2.0795987467851513,4.949388696486563,0.1,0.1,1.0,1.0
49,1202.8246721375128,1202.8677104038918,1446787.3935781813,1446890.7321395278,1443659.6159523835,1444607.5700622795,0.41002378349187707,1.0,117.80687905288573,14.267869600519742,0.0005838996236070724,-1.1866301447147976,-0.08718959960878525,1.0526682044430975e-07,9.784440584279322e-13,664,1.1358098983764648,ER,3,0.0004171817277921135,0.0004301523358733288,0.002161877854120834,0.0015779782305137616,117.80687905288573,14.26786960051974,1.0,1.0,1.0,1.0,0.0,0.0,0.0,0.0,1.0,1.0,0.0,0.0,1.0,1.0,0.0,0.0,1.1358098983764648__CYGNO_60_40_ER_3_keV_930V_30cm_IDAO_iso_crop_hist_pic_run2_ev664,0.0,0.0,1.0,1.0,0.916442297379468,1.2904822850146815,287.3023026740118,288.4889328187266,74.0,70.0,140.0,167.0,25.0,25.0,0.0,0.0,0.0,0.0,3127.777625797873,2283.162077248293,685.416801016774,490.94857337920814,0.9355418863710729,1.3879916401819936,4.5633220854201495,4.650511685028935,0.1,0.1,1.0,1.0
50,1210.3198779127838,1210.3369780005637,1464873.9499323205,1464915.5574340548,1446885.5479266585,1443878.0698652435,0.29213450622107373,0.9922546172551573,122.8047155297236,81.54245732072924,-0.0020810582662331364,-21.19487479966233,-6.984925346468728,2.0299463184522404e-07,7.218325335732559e-09,513,-0.678865909576416,ER,30,0.00048274002163980047,0.0008564998724621607,0.012279829268923109,0.014360887535156245,122.80471552972358,81.54245732072924,1.0,1.0,1.0,1.0,0.0,0.0,0.0,0.0,1.0,1.0,0.0,0.0,1.0,1.0,0.0,0.0,-0.678865909576416__CYGNO_60_40_ER_30_keV_930V_30cm_IDAO_iso_crop_hist_pic_run4_ev513,0.0,0.0,1.0,1.0,0.22235568048848545,0.6392516179935598,271.9695382059288,293.16441300559114,78.0,100.0,147.0,142.0,23.0,23.0,0.0,0.0,0.0,0.0,17988.402005661912,21037.48756881118,3205.8650309563945,1670.1698509528615,0.23335651765106172,0.6301017610735966,5.611091493859769,12.596016840328497,0.1,0.1,1.0,1.0
51,1211.5647348298276,1211.6076206995488,1467889.0274498023,1467992.8992881482,1443571.6710156584,1448903.023801184,0.00881975061162286,0.9999999761670725,154.0490272452045,50.35991019473871,0.0035621437353680514,-24.008410686631464,4.687953814042736,5.75090206103292e-12,2.4470698326700576e-08,217,-1.4565753936767578,ER,30,0.0008914577706926221,0.0007256510252624998,0.016566209011311284,0.013004065275943232,154.0490272452045,50.35991019473871,1.0,1.0,1.0,1.0,0.0,0.0,0.0,0.0,1.0,1.0,0.0,0.0,1.0,1.0,0.0,0.0,-1.4565753936767578__CYGNO_60_40_ER_30_keV_930V_30cm_IDAO_iso_crop_hist_pic_run1_ev217,0.0,0.0,1.0,1.0,0.5683735446392161,0.36359253538344505,291.0496515531239,315.0580622397554,87.0,76.0,152.0,152.0,27.0,23.0,0.0,0.0,0.0,0.0,24317.35643414387,19089.875486964236,1894.8513492360335,2343.629895792332,0.5920059480420056,0.5348363484461661,12.833384763373731,8.145430949330995,0.1,0.1,1.0,1.0
52,1202.8679663077826,1202.9071458980789,1446891.3571816639,1446985.7537812826,1445370.8964097016,1444696.2789803124,0.6742400281900032,1.0,107.64282187048892,13.372775122049354,-0.0005313907415183819,2.0184869166096178,-0.8257885909027838,1.9027209526535148e-10,1.57113932055431e-07,668,-0.18370532989501953,ER,3,0.0004305689396268118,0.00039753042277027126,0.0010508465368980811,0.001582237278416463,107.64282187048892,13.372775122049354,1.0,1.0,1.0,1.0,0.0,0.0,0.0,0.0,1.0,1.0,0.0,0.0,1.0,1.0,0.0,0.0,-0.18370532989501953__CYGNO_60_40_ER_3_keV_930V_30cm_IDAO_iso_crop_hist_pic_run4_ev668,0.0,0.0,1.0,1.0,1.1925166576694772,1.0820492640881896,290.58377324259914,288.5652863259895,66.0,71.0,228.0,153.0,27.0,23.0,0.0,0.0,0.0,0.0,1520.460771962116,2289.4748009702907,463.19868835026944,557.278638763179,1.8859677623172861,1.1366126872029743,3.2825239151203043,4.108312506023088,0.1,0.1,1.0,1.0
53,1203.9495377428952,1203.9911249466475,1449494.644181833,1449594.6435760194,1446913.7969074077,1446973.7526914035,0.4691983726824249,1.0,115.5061273698451,15.355425160346828,-2.750117760446681e-05,0.1281643721346768,-0.8303191439626394,1.9593977958112543e-08,3.7031913895525816e-11,589,-1.0584125518798828,ER,3,0.0004283965194641186,0.00047548484383076696,0.001780515219414263,0.0018080163970187297,115.5061273698451,15.355425160346826,1.0,1.0,1.0,1.0,0.0,0.0,0.0,0.0,1.0,1.0,0.0,0.0,1.0,1.0,0.0,0.0,-1.0584125518798828__CYGNO_60_40_ER_3_keV_930V_30cm_IDAO_iso_crop_hist_pic_run3_ev589,0.0,0.0,1.0,1.0,1.041516973410069,1.3156685730287543,288.716468374346,288.5883040022113,67.0,72.0,140.0,146.0,25.0,25.0,0.0,0.0,0.0,0.0,2580.8472744252153,2620.8908846159643,600.7105050799868,511.2293841120652,1.214828563600333,1.5419153089564392,4.296324523376807,5.126643667339446,0.1,0.1,1.0,1.0
54,1205.1197942497395,1205.1578794619263,1452313.7222314118,1452405.4890321016,1447155.0584468537,1446467.9861602623,0.7536197381148866,1.0,104.27778877803333,12.507468453356303,-0.0005360163773908302,0.45243915200279616,-0.6551481369934802,9.258382384000684e-12,3.949157745444633e-09,717,-0.9212547540664673,ER,10,0.00038692392395916055,0.00041991417604433326,0.0035520312902037883,0.0040880476675946185,104.27778877803331,12.507468453356303,1.0,1.0,1.0,1.0,0.0,0.0,0.0,0.0,1.0,1.0,0.0,0.0,1.0,1.0,0.0,0.0,-0.9212547540664673__CYGNO_60_40_ER_10_keV_930V_30cm_IDAO_iso_crop_hist_pic_run3_ev717,0.0,0.0,1.0,1.0,0.44655675409694623,0.48819596130727405,288.73956214659745,288.28712299459465,72.0,79.0,135.0,121.0,25.0,25.0,0.0,0.0,0.0,0.0,5158.663784558308,5937.502871839304,1314.3683129299181,1296.4060046813443,0.4709275558916103,0.5018595409033608,3.924823608276813,4.579971745270293,0.1,0.1,1.0,1.0
55,1203.1329812889198,1203.1767601191998,1447528.9699260031,1447634.3099527864,1445732.1056969415,1446158.3753513545,0.26624233654687024,1.0,124.03012558607206,18.69004774375054,0.0002217827992766388,1.8773994720024234,-0.24324849278552252,1.0052194038054148e-10,2.823110888273263e-12,556,1.5499486923217773,ER,3,0.0003435440818579027,0.0004261149873858591,0.0012413321366228243,0.0010195493373461855,124.03012558607206,18.69004774375054,1.0,1.0,1.0,1.0,0.0,0.0,0.0,0.0,1.0,1.0,0.0,0.0,1.0,1.0,0.0,0.0,1.5499486923217773__CYGNO_60_40_ER_3_keV_930V_30cm_IDAO_iso_crop_hist_pic_run2_ev556,0.0,0.0,1.0,1.0,1.1889757618007117,1.726832602686406,288.7625438326774,286.885144360675,66.0,69.0,196.0,200.0,25.0,27.0,0.0,0.0,0.0,0.0,1796.8642290616815,1475.934601431966,478.8611999042983,369.38830283351143,0.9500796039436605,2.063639692673144,3.7523696416013443,3.995618134386867,0.1,0.1,1.0,1.0
56,1202.742078423858,1202.7848671645618,1446588.5072582688,1446691.4360204975,1445378.735189526,1445070.6118125923,0.46954830903956785,1.0,115.49274018782052,12.564073175576468,-0.00028407305822834297,3.1219652246236365,0.159648150503799,1.266236261621327e-10,7.129965218051054e-09,135,-0.32621029019355774,ER,3,0.0003642852593451398,0.0003710417583718336,0.0008362931563969696,0.0011203662146253126,115.49274018782053,12.564073175576468,1.0,1.0,1.0,1.0,0.0,0.0,0.0,0.0,1.0,1.0,0.0,0.0,1.0,1.0,0.0,0.0,-0.32621029019355774__CYGNO_60_40_ER_3_keV_930V_30cm_IDAO_iso_crop_hist_pic_run1_ev135,0.0,0.0,1.0,1.0,1.91483647044245,1.3439051986489468,290.5739245944285,287.45195936980485,68.0,69.0,271.0,170.0,27.0,23.0,0.0,0.0,0.0,0.0,1209.772068742598,1620.8242079051422,305.0475894662614,425.838026419372,1.6882397506207363,1.3439231485457293,3.9658470039357585,3.8061988534319595,0.1,0.1,1.0,1.0
57,1207.3172797471536,1207.3157381270667,1457615.0445513024,1457611.3014859278,1447043.3198918644,1456909.1237762223,0.023679917292306868,0.014274838131025256,146.98285330863797,150.69852901667556,0.006771023106184345,-2.690754184721243,4.8275816944429835,5.644139576476722e-09,2.0966817924485123e-10,503,-0.09376208484172821,ER,30,0.0006248673156453346,0.00029718269309295385,0.0072527549018899014,0.0004817317957055559,146.98285330863797,150.69852901667556,1.0,1.0,1.0,1.0,0.0,0.0,0.0,0.0,1.0,1.0,0.0,0.0,1.0,1.0,0.0,0.0,-0.09376208484172821__CYGNO_60_40_ER_30_keV_930V_30cm_IDAO_iso_crop_hist_pic_run5_ev503,0.0,0.0,1.0,1.0,0.623811650590061,1.9753984254538393,290.190806264032,292.88156044875325,75.0,46.0,118.0,265.0,23.0,27.0,0.0,0.0,0.0,0.0,10571.724659437927,702.1777097055284,1414.020025993548,265.0947995238282,0.7118351045217023,1.7587996913454989,7.47636134220221,2.6487796477592265,0.1,0.1,1.0,1.0
58,1204.6545509531759,1204.6958216944245,1451192.4403777302,1451292.0400828894,1444001.5428108817,1445377.8916127756,0.5772315650173241,1.0,111.41472862335101,11.972095085803915,0.0008800727864571719,-10.0389803637932,0.1842130942785527,1.869931002292748e-08,5.281648212407284e-10,421,-0.9240383505821228,ER,10,0.00047472564222327354,0.00045832556984075514,0.004955164709221272,0.0040750919227641,111.41472862335101,11.972095085803916,1.0,1.0,1.0,1.0,0.0,0.0,0.0,0.0,1.0,1.0,0.0,0.0,1.0,1.0,0.0,0.0,-0.9240383505821228__CYGNO_60_40_ER_10_keV_930V_30cm_IDAO_iso_crop_hist_pic_run2_ev421,0.0,0.0,1.0,1.0,0.5060756106307256,0.579947786420064,284.1056433008549,294.1446236646481,77.0,74.0,137.0,135.0,25.0,23.0,0.0,0.0,0.0,0.0,7190.897566848423,5914.148470113615,1353.282255693507,1152.977141168809,0.5596600055793318,0.6255719238574938,5.313671657627221,5.129458563348669,0.1,0.1,1.0,1.0
59,1337.3465025899984,1203.1202932181193,1447491.2520804077,1447498.4619348424,1442054.41717035,1445715.6622356093,0.021785173629148426,1.0,147.61050158867607,16.538040085410586,0.002524398047678185,-1.0871327235910258,22.161187362459657,1.6195492765545888e-09,2.4422524659000297e-11,762,-1.515307903289795,ER,3,0.003968148080701502,0.00038431921248898056,0.003756039908527026,0.001231641860848841,147.61050158867607,16.538040085410586,1.0,1.0,1.0,1.0,0.0,0.0,0.0,0.0,1.0,1.0,0.0,0.0,1.0,1.0,0.0,0.0,-1.515307903289795__CYGNO_60_40_ER_3_keV_930V_30cm_IDAO_iso_crop_hist_pic_run5_ev762,0.0,0.0,1.0,1.0,7.42676727788754,1.3904249452081854,288.32598663557894,289.41311935916997,82.0,63.0,248.0,166.0,25.0,25.0,0.0,0.0,0.0,0.0,5436.834910057764,1782.7996992332644,206.73787171591894,430.9383958293508,16.47118805865729,1.3317705522328454,26.298204895562563,4.137017533102906,0.1,0.1,1.0,1.0
60,1210.3483099555933,1210.3954498366356,1464943.086501191,1465057.1587665994,1446108.1946023619,1444862.9534409584,0.192571324796336,1.0,127.96761884951415,13.84125889622544,-0.0009268217163627638,24.692983999268222,0.6869163235665283,3.492936068504454e-09,1.0194833476700119e-13,579,0.01933460496366024,ER,30,0.0004932006674719178,0.0004408159198455817,0.0128570809831347,0.013783902699497464,127.96761884951415,13.84125889622544,1.0,1.0,1.0,1.0,0.0,0.0,0.0,0.0,1.0,1.0,0.0,0.0,1.0,1.0,0.0,0.0,0.01933460496366024__CYGNO_60_40_ER_30_keV_930V_30cm_IDAO_iso_crop_hist_pic_run2_ev579,0.0,0.0,1.0,1.0,0.2090706711283167,0.1597120741626129,311.8705723410979,287.1775883418297,71.0,72.0,154.0,206.0,23.0,25.0,0.0,0.0,0.0,0.0,18834.891898829115,20194.205325641014,3407.2643673469415,4171.540221135199,0.23552646482978815,0.16570532929026316,5.527863373130292,4.840947049563764,0.1,0.1,1.0,1.0
61,1207.541235637565,1207.6050922677794,1458155.8315844967,1458310.0435399893,1455675.6477609936,1450898.961946172,3.383306532768552e-11,0.9658037116758665,243.1680576273999,88.95648055314365,-0.003381061175808436,17.804848965945837,-1.102476100387085,1.853747313012051e-07,3.775582161587123e-12,752,1.2603261470794678,ER,30,0.00036628757334020563,0.0004796870621871489,0.0017009045053901302,0.005081965681198566,243.1680576273999,88.95648055314365,1.0,1.0,1.0,1.0,0.0,0.0,0.0,0.0,1.0,1.0,0.0,0.0,1.0,1.0,0.0,0.0,1.2603261470794678__CYGNO_60_40_ER_30_keV_930V_30cm_IDAO_iso_crop_hist_pic_run3_ev752,0.0,0.0,1.0,1.0,0.9602287036567388,0.465587669837026,280.49408763157686,262.689238665631,58.0,53.0,159.0,189.0,25.0,27.0,0.0,0.0,0.0,0.0,2480.1838235029622,7411.081593817413,629.7299193911011,1470.171425489146,0.8501068636979987,0.558269862234842,3.938488147269711,5.040964247656796,0.1,0.1,1.0,1.0
62,1209.9585996136655,1209.831770946557,1463999.8311983624,1463692.918478715,1444618.4643261854,1462611.4803406084,0.2631070967187266,4.349744415862054e-38,124.18300340622197,431.0815163781132,0.012499797871570451,3.16761317513982,4.939308376821982,2.4971274156676085e-10,6.156985982988648e-10,165,-0.4149414896965027,ER,30,0.000655068439323122,0.0003029477012238916,0.01323864010032873,0.0007388422287582776,124.18300340622199,431.0815163781131,1.0,1.0,1.0,1.0,0.0,0.0,0.0,0.0,1.0,1.0,0.0,0.0,1.0,1.0,0.0,0.0,-0.4149414896965027__CYGNO_60_40_ER_30_keV_930V_30cm_IDAO_iso_crop_hist_pic_run5_ev165,0.0,0.0,1.0,1.0,0.37038312765820675,1.6133668041221254,292.9251817237242,289.7575685485844,82.0,49.0,132.0,209.0,25.0,27.0,0.0,0.0,0.0,0.0,19381.366872177132,1081.4381381065216,2367.7227066444734,333.1244217942018,0.43087014403174484,1.0949659386222215,8.185657390448531,3.246349013626549,0.1,0.1,1.0,1.0
63,1205.4671066316,1205.518173461842,1453150.740155419,1453274.0821102145,1445863.8633128824,1446277.0409836383,0.09753236703245588,1.0,135.05282220029432,11.91789572243703,0.00019986196837937405,-2.767451788282756,-0.9035932936539961,5.175266234627165e-08,6.701756213983904e-14,157,-0.7916051745414734,ER,10,0.0004038828047121719,0.0004503394208567764,0.005014536098132114,0.00481467412975274,135.05282220029432,11.91789572243703,1.0,1.0,1.0,1.0,0.0,0.0,0.0,0.0,1.0,1.0,0.0,0.0,1.0,1.0,0.0,0.0,-0.7916051745414734__CYGNO_60_40_ER_10_keV_930V_30cm_IDAO_iso_crop_hist_pic_run2_ev157,0.0,0.0,1.0,1.0,0.3492305127777756,0.4834597153981462,289.10398368722696,291.8714354755097,66.0,75.0,140.0,136.0,23.0,27.0,0.0,0.0,0.0,0.0,7286.87684253675,6997.0411265762095,1754.050215524493,1383.3863605352444,0.3713609139659301,0.5066442880078704,4.154314841184772,5.057908134838768,0.1,0.1,1.0,1.0
64,1204.07814929219,1204.1190143930964,1449804.2482343311,1449902.589918516,1443183.9945344683,1443145.0024337468,0.5140691265210466,1.0,113.80171698892102,15.386095460195765,-9.440960197852882e-05,2.5163352173016733,-0.48262070980758054,1.1510617274560219e-08,2.154913430288045e-08,755,0.0602663978934288,ER,10,0.0004166928565920005,0.0004433346088538934,0.004566308664032076,0.0046607182660106045,113.80171698892102,15.386095460195765,1.0,1.0,1.0,1.0,0.0,0.0,0.0,0.0,1.0,1.0,0.0,0.0,1.0,1.0,0.0,0.0,0.0602663978934288__CYGNO_60_40_ER_10_keV_930V_30cm_IDAO_iso_crop_hist_pic_run3_ev755,0.0,0.0,1.0,1.0,0.4174065711690752,0.47613205221832716,286.0111081957276,283.49477297842594,70.0,67.0,136.0,146.0,25.0,23.0,0.0,0.0,0.0,0.0,6620.253699862937,6757.587484769311,1495.5476380895493,1376.4974802135036,0.4403855628177571,0.5031176901890817,4.426641807491881,4.909262517299462,0.1,0.1,1.0,1.0
65,1210.9955614246967,1210.7430661964054,1465812.8676138318,1465898.401761866,1442538.890760674,1446138.5455172192,0.00995962956577937,1.0,153.21841657345362,16.219428020666623,0.0023981735049482273,33.24164187023473,7.851395170009061,3.3542183876628723e-12,9.649355024050712e-07,418,0.35907331109046936,ER,30,0.0009647131785338614,0.0005285001216129565,0.01587786365325412,0.013479690148305893,153.2184165734536,16.219428020666623,1.0,1.0,1.0,1.0,0.0,0.0,0.0,0.0,1.0,1.0,0.0,0.0,1.0,1.0,0.0,0.0,0.35907331109046936__CYGNO_60_40_ER_30_keV_930V_30cm_IDAO_iso_crop_hist_pic_run2_ev418,0.0,0.0,1.0,1.0,0.6843071774653381,0.24406364495816116,309.54669101124836,276.3050491410136,89.0,75.0,172.0,135.0,27.0,23.0,0.0,0.0,0.0,0.0,23273.976853157852,19759.856244646777,1638.5968826971223,3110.707644639881,0.7012517555522053,0.26357055235133486,14.203601324353189,6.3522061543441275,0.1,0.1,1.0,1.0
66,1209.581805248843,1209.6126488302903,1463088.1400421122,1463161.8275755204,1444292.0852176968,1446558.1650042476,0.4086746100652715,0.9999999998800692,117.86041941486765,43.25289224229224,0.001499040545983982,-25.28509776082143,-1.1662252942885205,5.204116531129498e-13,3.2297836320348214e-06,721,-1.2714260816574097,ER,30,0.0004648334631624055,0.0005668166947104084,0.012846836981314284,0.011347796435330302,117.86041941486766,43.25289224229223,1.0,1.0,1.0,1.0,0.0,0.0,0.0,0.0,1.0,1.0,0.0,0.0,1.0,1.0,0.0,0.0,-1.2714260816574097__CYGNO_60_40_ER_30_keV_930V_30cm_IDAO_iso_crop_hist_pic_run3_ev721,0.0,0.0,1.0,1.0,0.19650144877476894,0.31187001529585956,290.7884453408884,316.07354310170984,75.0,72.0,170.0,152.0,25.0,23.0,0.0,0.0,0.0,0.0,18796.05482441534,16603.66257127286,3534.7941638433444,2560.8452289498673,0.2028262357481338,0.3681549060509273,5.317439701772787,6.483664996061307,0.1,0.1,1.0,1.0
67,1205.3374392195058,1205.3817473983647,1452838.7465209255,1452945.1351385296,1445131.7020693154,1445684.909596753,0.4395131758725068,1.0,116.64995596967343,9.83598533559378,0.000307914780274845,0.5635902156816428,0.44128438329268516,2.540106518045735e-07,2.6523646203613148e-08,396,-0.5120331048965454,ER,10,0.00044801779508810125,0.0004180789424855908,0.00530481753055258,0.004996902750277735,116.64995596967343,9.835985335593778,1.0,1.0,1.0,1.0,0.0,0.0,0.0,0.0,1.0,1.0,0.0,0.0,1.0,1.0,0.0,0.0,-0.5120331048965454__CYGNO_60_40_ER_10_keV_930V_30cm_IDAO_iso_crop_hist_pic_run1_ev396,0.0,0.0,1.0,1.0,0.4185889865445417,0.3858861561966519,286.7345061214046,286.17091590572295,70.0,71.0,119.0,134.0,23.0,23.0,0.0,0.0,0.0,0.0,7707.044451610242,7260.225541776374,1569.2573083696914,1624.2171943628107,0.45428116153234854,0.405975723607554,4.911268796075976,4.469984412783291,0.1,0.1,1.0,1.0
68,1209.7551460197324,1209.8434082642639,1463249.1939256005,1463375.342677593,1447858.4253426548,1444161.464619035,0.0020557241574829135,0.9999999978132115,163.3566120020805,46.930937014490766,-0.00261162157414338,13.428309232705715,-4.6914529053456295,5.81973518347679e-12,1.923297032293402e-08,366,1.0543060302734375,ER,30,0.0007799422160108539,0.0009609467219470065,0.010518214291070619,0.013129835865213999,163.3566120020805,46.93093701449076,1.0,1.0,1.0,1.0,0.0,0.0,0.0,0.0,1.0,1.0,0.0,0.0,1.0,1.0,0.0,0.0,1.0543060302734375__CYGNO_60_40_ER_30_keV_930V_30cm_IDAO_iso_crop_hist_pic_run3_ev366,0.0,0.0,1.0,1.0,0.5414017495661704,0.7893366230124231,323.35302179777307,309.92471256506735,78.0,92.0,196.0,164.0,27.0,23.0,0.0,0.0,0.0,0.0,15390.768582945815,19213.878058558086,1761.2475090395492,1430.6670391622172,0.7606729295840449,0.8626266839911626,8.738560880258547,13.430013785604176,0.1,0.1,1.0,1.0
69,1203.1405620765056,1203.1804520348255,1447547.232799195,1447643.210536607,1445534.0901797023,1445540.4317617232,0.5679327124889819,1.0,111.76721940473519,15.789476943066541,-6.182647487699023e-05,-2.0777757350662682,0.431279838832177,1.3762888913562016e-10,6.834798346738642e-13,274,0.5312016606330872,ER,3,0.00045178662193537573,0.0004646308366343843,0.0013907267230235125,0.0014525531979005027,111.76721940473516,15.789476943066543,1.0,1.0,1.0,1.0,0.0,0.0,0.0,0.0,1.0,1.0,0.0,0.0,1.0,1.0,0.0,0.0,0.5312016606330872__CYGNO_60_40_ER_3_keV_930V_30cm_IDAO_iso_crop_hist_pic_run3_ev274,0.0,0.0,1.0,1.0,1.947492961107833,1.5676653736378896,286.98329507661794,289.0610708116842,62.0,70.0,186.0,173.0,27.0,25.0,0.0,0.0,0.0,0.0,2013.142619492578,2102.778774883899,370.2725532569498,420.0818053777808,1.7543498512612508,1.817690150627974,5.436920997208136,5.005641158375959,0.1,0.1,1.0,1.0
70,1210.189200822114,0.0,1464557.9027085176,2230807.253921352,1447146.6230535235,1440893.5415767864,0.055800451280757925,0.9999990176998595,140.09728698650449,56.65332194720992,-0.3422047947596545,-226.1564175983927,-79.04436255192982,1.697942975885095e-12,0.0017098047940346042,399,1.3274915218353271,ER,30,0.0005165274161579939,0.0,0.011888420131968877,0.3540932148916234,140.09728698650446,56.653321947209925,1.0,0.0,1.0,1.0,0.0,0.0,0.0,0.0,1.0,0.0,0.0,1.0,1.0,1.0,0.0,1.0,1.3274915218353271__CYGNO_60_40_ER_30_keV_930V_30cm_IDAO_iso_crop_hist_pic_run4_ev399,0.0,0.0,1.0,0.0,0.2448058583470317,0.0,282.6651031631959,508.8215207615886,71.0,110.0,175.0,1368.0,27.0,3.0,0.0,0.0,0.0,0.0,17411.279654994058,789913.7123445654,3023.1940195943225,9314.625216718921,0.28433133409646605,0.0,5.759233295033591,84.80359584696342,0.1,0.1,1.0,1.0
71,1202.9259228017202,1202.9643407740086,1447030.778987107,1447122.876209599,1443612.660858989,1444342.754874024,0.7088497703565501,1.0,106.2210388503147,13.80280340360359,0.0004410229092527535,-1.51767852066439,1.6349656804797457,5.075775860194516e-11,1.1706598619580855e-07,793,-0.36802512407302856,ER,3,0.0005358548096381858,0.00042655509262385364,0.0023621599331222526,0.001921137023869499,106.2210388503147,13.80280340360359,1.0,1.0,1.0,1.0,0.0,0.0,0.0,0.0,1.0,1.0,0.0,0.0,1.0,1.0,0.0,0.0,-0.36802512407302856__CYGNO_60_40_ER_3_keV_930V_30cm_IDAO_iso_crop_hist_pic_run2_ev793,0.0,0.0,1.0,1.0,1.3088636159450218,1.0129038764847689,288.1588213072885,289.6764998279529,72.0,71.0,161.0,137.0,27.0,23.0,0.0,0.0,0.0,0.0,3418.118128118026,2780.1213355747786,556.76537574822,617.2180185756342,1.556388226208843,1.1156009485010705,6.139243345591528,4.504277665111783,0.1,0.1,1.0,1.0
72,1204.144409248909,1204.1873440457543,1449963.7506083623,1450067.1501071039,1442278.9207476727,1443486.3188184844,0.47591140612133886,1.0,115.24963984621098,11.849887110535626,0.0007617209940239981,5.32711024247692,2.4642019763546523,5.0681472615965445e-09,3.9484376847476195e-11,419,-1.2173871994018555,ER,10,0.0005779183195620916,0.00042232970522955817,0.00530001516069992,0.004538294166675922,115.24963984621098,11.849887110535624,1.0,1.0,1.0,1.0,0.0,0.0,0.0,0.0,1.0,1.0,0.0,0.0,1.0,1.0,0.0,0.0,-1.2173871994018555__CYGNO_60_40_ER_10_keV_930V_30cm_IDAO_iso_crop_hist_pic_run4_ev419,0.0,0.0,1.0,1.0,0.7215452304123362,0.44096114410322196,293.9940404020191,288.6669301595422,68.0,71.0,117.0,121.0,23.0,25.0,0.0,0.0,0.0,0.0,7684.829860689638,6580.831288619448,1090.4902986867742,1435.9438669347232,0.8212405001807243,0.45789055971853565,7.047132716305789,4.582930739951137,0.1,0.1,1.0,1.0
73,1210.5069305352408,1210.5416357371025,1465323.6074304027,1465410.9754357308,1442813.299575507,1443535.47908154,1.1122431864705077e-05,0.8003372000777104,190.94205533644404,102.06408344568513,0.0004341127909231902,-13.656661808631782,3.9780622275240667,4.127857465814071e-12,3.1815796133021296e-09,160,0.787914514541626,ER,30,0.0010176862559562003,0.0007439174907666107,0.015362004502452346,0.014927891711529155,190.94205533644407,102.06408344568513,1.0,1.0,1.0,1.0,0.0,0.0,0.0,0.0,1.0,1.0,0.0,0.0,1.0,1.0,0.0,0.0,0.787914514541626__CYGNO_60_40_ER_30_keV_930V_30cm_IDAO_iso_crop_hist_pic_run5_ev160,0.0,0.0,1.0,1.0,0.7528635990314638,0.4997014322149734,287.04295179215546,300.69961360078725,90.0,89.0,191.0,143.0,27.0,23.0,0.0,0.0,0.0,0.0,22510.30785489556,21875.496354190902,1520.2870322876995,2020.1676736805518,0.7715022208901551,0.4726059030317039,14.806617024827522,10.828554797303456,0.1,0.1,1.0,1.0
74,1204.000591218077,1204.0432601800394,1449617.4156119614,1449720.1868623078,1447568.963540451,1447926.2944112667,0.3905824469850003,1.0,118.58441141840876,15.813153877390038,0.0001756924189016038,0.040707593517311125,0.7128656307074293,9.670000290808711e-11,2.2757942317215537e-12,236,0.2519335448741913,ER,3,0.00042821328760531016,0.00042193711592335387,0.0014130984144156262,0.0012374059955140224,118.58441141840878,15.813153877390038,1.0,1.0,1.0,1.0,0.0,0.0,0.0,0.0,1.0,1.0,0.0,0.0,1.0,1.0,0.0,0.0,0.2519335448741913__CYGNO_60_40_ER_3_keV_930V_30cm_IDAO_iso_crop_hist_pic_run1_ev236,0.0,0.0,1.0,1.0,1.605256077157239,1.4869188122742294,288.1320417065388,288.0913341130215,64.0,69.0,172.0,182.0,25.0,27.0,0.0,0.0,0.0,0.0,2048.4520715105405,1793.8924510411287,410.11883724609527,418.94667164697006,1.518586175421809,1.6872895295541017,4.994776843867207,4.281911213159778,0.1,0.1,1.0,1.0
75,1210.368437555253,1210.4127497571058,1464991.7873682291,1465098.9452601592,1447491.3232110129,1445141.102168117,0.26193246436610307,1.0,124.24055117307672,16.970605065793762,-0.0016764047633557148,34.26156372414533,-1.1803354539830586,8.945999350449586e-10,2.184411304862318e-08,419,0.9379732608795166,ER,30,0.0005064062787927846,0.0005415681100421116,0.01194577628906353,0.013622181052419245,124.24055117307672,16.97060506579376,1.0,1.0,1.0,1.0,0.0,0.0,0.0,0.0,1.0,1.0,0.0,0.0,1.0,1.0,0.0,0.0,0.9379732608795166__CYGNO_60_40_ER_30_keV_930V_30cm_IDAO_iso_crop_hist_pic_run5_ev419,0.0,0.0,1.0,1.0,0.23514729488852795,0.27193916399604134,317.6170295408557,283.35546581671036,69.0,88.0,148.0,133.0,23.0,23.0,0.0,0.0,0.0,0.0,17500.464157216193,19957.84309204236,3065.100126393291,2896.6705156361822,0.2703210813612914,0.27282950366921477,5.7095897150378,6.8899251690208585,0.1,0.1,1.0,1.0
76,1208.615561368113,15922.170150221787,1460700.7952832857,1481284.2191621154,1443835.0958546696,1446917.6053067988,3.0140545461065207e-07,0.999999999999992,207.19193842397112,33.75878215025894,-0.011654246820187524,54.90470336062464,-7.85230079955606,1.9817749532775925e-09,7.179376748771339e-10,876,-1.552809238433838,ER,30,0.001041852476387523,0.011084202854131565,0.011546306733779219,0.023200553553966743,207.19193842397118,33.75878215025894,1.0,1.0,1.0,1.0,0.0,0.0,0.0,0.0,1.0,1.0,0.0,0.0,1.0,1.0,0.0,0.0,-1.552809238433838__CYGNO_60_40_ER_30_keV_930V_30cm_IDAO_iso_crop_hist_pic_run4_ev876,0.0,0.0,1.0,1.0,1.0029079555841176,11.662260798326997,279.51109156171367,224.60638820108903,88.0,82.0,161.0,247.0,25.0,23.0,0.0,0.0,0.0,0.0,16865.699428616063,34366.613855316464,1139.3181315555034,1516.9128571600188,1.079482403068765,6.707632698425306,14.803327500449269,22.65562830000533,0.1,0.1,1.0,1.0
77,1205.1551025410977,1205.1904896437954,1452399.4208021685,1452484.1824752246,1445167.4981164732,1445802.564106653,0.8358681036376776,1.0,100.18778980272867,14.893766843308992,0.00037916169896923604,1.0269021185517886,0.33119751089308824,3.821543054884482e-07,5.413471185565361e-09,860,0.27654269337654114,ER,10,0.0004610093893617966,0.00043100710990995556,0.004979293286760648,0.004600131587791412,100.18778980272869,14.893766843308992,1.0,1.0,1.0,1.0,0.0,0.0,0.0,0.0,1.0,1.0,0.0,0.0,1.0,1.0,0.0,0.0,0.27654269337654114__CYGNO_60_40_ER_10_keV_930V_30cm_IDAO_iso_crop_hist_pic_run3_ev860,0.0,0.0,1.0,1.0,0.46397879531612674,0.45478379381084355,286.6140826231128,285.587180504561,73.0,70.0,122.0,135.0,23.0,23.0,0.0,0.0,0.0,0.0,7231.922685695292,6681.618368571666,1433.0589524049462,1417.0093217286344,0.5191645848128628,0.47598263749055086,5.046493498092836,4.715295987199748,0.1,0.1,1.0,1.0
78,1202.6895800984862,1202.7293428569856,1446462.3211515683,1446558.1186897622,1443687.137847122,1444365.7615591765,0.6458029385845876,1.0,108.77385416168899,13.11111595984216,0.00040303252495066237,-0.6305448757889849,0.34266178394685953,1.0036431942093966e-08,3.1946188365044875e-07,717,-1.0310946702957153,ER,3,0.0003926396708447734,0.00036918801824454433,0.0019186004805413878,0.0015155679555907255,108.77385416168897,13.111115959842161,1.0,1.0,1.0,1.0,0.0,0.0,0.0,0.0,1.0,1.0,0.0,0.0,1.0,1.0,0.0,0.0,-1.0310946702957153__CYGNO_60_40_ER_3_keV_930V_30cm_IDAO_iso_crop_hist_pic_run4_ev717,0.0,0.0,1.0,1.0,0.9194331403824024,1.014521127670722,287.7736376074265,288.4041824832155,69.0,65.0,137.0,151.0,25.0,23.0,0.0,0.0,0.0,0.0,2775.18330444641,2192.357130585809,666.7064572516426,573.9358030476787,0.9052210948476423,0.9772444677830636,4.162526512622242,3.8198647286753826,0.1,0.1,1.0,1.0
79,1202.9325785012234,1202.974524936128,1447046.782808245,1447147.73179905,1445593.6577339764,1445290.3539424501,0.5295466004741558,1.0,113.21724929024546,12.268216688870993,-0.00027927446550598243,-1.2603314447831622,-0.9735992818991757,9.094271887823321e-11,1.3878365815948506e-12,897,1.4894229173660278,ER,3,0.0003463055325274018,0.00044575171744447116,0.0010042004802695466,0.001283474945775529,113.21724929024546,12.268216688870993,1.0,1.0,1.0,1.0,0.0,0.0,0.0,0.0,1.0,1.0,0.0,0.0,1.0,1.0,0.0,0.0,1.4894229173660278__CYGNO_60_40_ER_3_keV_930V_30cm_IDAO_iso_crop_hist_pic_run2_ev897,0.0,0.0,1.0,1.0,1.4142423246305653,1.6120161398890633,287.40219063537353,288.6625220801567,64.0,66.0,176.0,185.0,25.0,27.0,0.0,0.0,0.0,0.0,1453.1250742685418,1857.3778565999655,398.3250444029799,401.88300966883867,1.2307151817300355,1.8577943681686462,3.64808865193632,4.621687933835496,0.1,0.1,1.0,1.0
80,1203.105878551924,1203.1457536134726,1447463.746599507,1447559.7102889395,1445206.257437744,1445488.219863379,0.7080441816168732,1.0,106.25481949937277,10.258320827892462,0.00012859462824729392,-2.3274410484477244,-0.08642872151709557,5.062128806178021e-09,1.5530074892729936e-08,136,0.8961991667747498,ER,3,0.0003656564376141299,0.0003645225053690193,0.0015596170661038569,0.001431022437856563,106.25481949937276,10.25832082789246,1.0,1.0,1.0,1.0,0.0,0.0,0.0,0.0,1.0,1.0,0.0,0.0,1.0,1.0,0.0,0.0,0.8961991667747498__CYGNO_60_40_ER_3_keV_930V_30cm_IDAO_iso_crop_hist_pic_run1_ev136,0.0,0.0,1.0,1.0,1.0178491205546145,1.146706844018527,287.6866217907075,290.0140628391552,63.0,64.0,159.0,151.0,25.0,23.0,0.0,0.0,0.0,0.0,2257.4891617632197,2071.4904255606184,573.0560455118862,514.5518088381963,0.9147329196495794,0.9773588388859838,3.939386347013759,4.0258150685308545,0.1,0.1,1.0,1.0
81,1204.9956525443624,1205.0385192250142,1452014.5580316284,1452117.8414102315,1446471.095647213,1446453.098784671,0.4183492329672092,1.0,117.47775748110325,14.15799545916692,-8.324801553605135e-05,2.9986615064307784,-1.045939347748297,3.4953871833605095e-09,8.7335304379626e-10,162,1.317245364189148,ER,10,0.00037541486745722093,0.00044917128731492066,0.003817773281784588,0.003901021297320639,117.47775748110324,14.15799545916692,1.0,1.0,1.0,1.0,0.0,0.0,0.0,0.0,1.0,1.0,0.0,0.0,1.0,1.0,0.0,0.0,1.317245364189148__CYGNO_60_40_ER_10_keV_930V_30cm_IDAO_iso_crop_hist_pic_run1_ev162,0.0,0.0,1.0,1.0,0.40653219062527235,0.5643772730688214,290.7551966829518,287.756535176521,70.0,74.0,119.0,121.0,23.0,23.0,0.0,0.0,0.0,0.0,5543.4623844154075,5664.742625560588,1444.0632034541886,1159.682881301422,0.4039371724937127,0.6229942792010708,3.838794847175308,4.884734194923605,0.1,0.1,1.0,1.0
82,1258.1688496382478,1209.7195753294532,1464294.2066420522,1463421.443944104,1442992.0125448257,1447558.6599646106,6.054239166434132e-07,0.9996378919709243,204.1692487652552,70.55606374169497,0.003708236886818343,52.634711629711774,11.638366608821494,1.8611712163078298e-10,3.8527745342633936e-13,248,-0.9256314635276794,ER,30,0.0012007537069906257,0.0005734774383101734,0.014547755499270242,0.0108395186124519,204.16924876525513,70.55606374169496,1.0,1.0,1.0,1.0,0.0,0.0,0.0,0.0,1.0,1.0,0.0,0.0,1.0,1.0,0.0,0.0,-0.9256314635276794__CYGNO_60_40_ER_30_keV_930V_30cm_IDAO_iso_crop_hist_pic_run4_ev248,0.0,0.0,1.0,1.0,1.0680479290042522,0.2925243450963187,320.59916679081823,267.96445516110646,90.0,64.0,211.0,175.0,27.0,27.0,0.0,0.0,0.0,0.0,21302.19409722647,15862.78397949335,1211.4195792378139,2667.7527481735438,1.2462108152313782,0.3890907665913702,17.584488861100564,5.9461222522790695,0.1,0.1,1.0,1.0
83,1205.4586469664418,1205.4842976374312,1453130.9141908,1453192.397835222,1445981.2923142489,1445359.1442504653,0.9978389196223557,1.0,76.44958256452917,14.587884888413516,-0.00047022624153441207,-2.419824705977021,-1.089601669243863,5.419042320642532e-07,3.018259411396247e-10,572,-0.2659960985183716,ER,10,0.0004119727409990637,0.0004754050536625319,0.004920149868625258,0.00539037611015967,76.44958256452917,14.587884888413516,1.0,1.0,1.0,1.0,0.0,0.0,0.0,0.0,1.0,1.0,0.0,0.0,1.0,1.0,0.0,0.0,-0.2659960985183716__CYGNO_60_40_ER_10_keV_930V_30cm_IDAO_iso_crop_hist_pic_run2_ev572,0.0,0.0,1.0,1.0,0.410255255959928,0.5131027600101112,293.2818565106591,295.70168121663613,68.0,79.0,120.0,135.0,23.0,25.0,0.0,0.0,0.0,0.0,7149.621876551166,7833.253584756628,1553.3645141871357,1376.12119400338,0.3937550574135757,0.5120938225933973,4.602668473016142,5.692270142260005,0.1,0.1,1.0,1.0
84,1210.5385672890977,1210.808844208987,1465403.622059754,1466058.6720236873,1464411.4417626695,1445349.2840886156,8.257672583889486e-80,1.0,673.3780896120215,18.971228011630885,-0.01344882336552748,6.265740029323524,-7.370705326761203,4.4141748487059894e-09,3.3706218739129663e-07,339,0.004891072399914265,ER,30,0.0002634212323127945,0.0006769277568034259,0.0006770696360707078,0.014125893001598187,673.3780896120214,18.97122801163089,1.0,1.0,1.0,1.0,0.0,0.0,0.0,0.0,1.0,1.0,0.0,0.0,1.0,1.0,0.0,0.0,0.004891072399914265__CYGNO_60_40_ER_30_keV_930V_30cm_IDAO_iso_crop_hist_pic_run2_ev339,0.0,0.0,1.0,1.0,1.0376302226457186,0.4133042015715879,302.12761850552414,295.8618784762006,51.0,87.0,259.0,125.0,27.0,23.0,0.0,0.0,0.0,0.0,992.1802970846948,20709.387935071736,496.22262775817524,2210.13971932618,0.9049440997393486,0.423053781426941,1.9994660492753973,9.3701713760366,0.1,0.1,1.0,1.0
85,1204.8953810884914,1204.9441484878057,1451772.811110698,1451890.3940662234,1445243.266402053,1445808.152995683,0.15880262581572607,1.0,130.11200433179113,12.604691684568326,0.00030844785886839816,-7.5409115523049195,-0.027595394515151028,5.153810204191291e-09,1.0219591562614626e-08,959,1.2944830656051636,ER,10,0.00040617563336451144,0.0004404355301458004,0.004497635345333013,0.004189187486464615,130.11200433179113,12.604691684568326,1.0,1.0,1.0,1.0,0.0,0.0,0.0,0.0,1.0,1.0,0.0,0.0,1.0,1.0,0.0,0.0,1.2944830656051636__CYGNO_60_40_ER_10_keV_930V_30cm_IDAO_iso_crop_hist_pic_run2_ev959,0.0,0.0,1.0,1.0,0.4859747711392624,0.5252287261396592,284.9320797927988,292.4729913451037,72.0,75.0,135.0,121.0,25.0,23.0,0.0,0.0,0.0,0.0,6529.544708644943,6082.241070540402,1343.3094899886744,1244.2230226565146,0.4020384782965658,0.5517205248775354,4.860789533095605,4.888384927610756,0.1,0.1,1.0,1.0
86,1204.2160939554658,1204.260224585033,1450136.4169291132,1450242.7346010266,1444638.0934124116,1444074.4232031973,0.3419224386606155,1.0,120.59994455437842,14.343717468129547,-0.0004617053077209006,-3.6119280699516594,-1.0627169595844608,7.864552935242248e-10,1.1401363128441418e-07,706,-1.1221683025360107,ER,10,0.0004152711405384531,0.0004519391290211043,0.0037915905376303604,0.004253295845351261,120.59994455437845,14.343717468129547,1.0,1.0,1.0,1.0,0.0,0.0,0.0,0.0,1.0,1.0,0.0,0.0,1.0,1.0,0.0,0.0,-1.1221683025360107__CYGNO_60_40_ER_10_keV_930V_30cm_IDAO_iso_crop_hist_pic_run2_ev706,0.0,0.0,1.0,1.0,0.437007630062734,0.5533468689484168,289.4123524680885,293.02428053804016,66.0,70.0,122.0,121.0,25.0,23.0,0.0,0.0,0.0,0.0,5498.323516701621,6168.311397829398,1360.775958226709,1208.691554439919,0.5252854210025517,0.5778788905849924,4.040579555701987,5.103296515286448,0.1,0.1,1.0,1.0
87,1204.532996239245,1204.5852242802926,1450899.7601805187,1451025.7201446102,1443770.5276336398,1444583.2214147672,0.06150443059063195,1.0,139.25574634971065,13.445084684752336,0.00047370128062896016,4.0597531414628065,-0.18562005491206435,1.880880821243378e-09,8.474247844087547e-07,776,0.31124353408813477,ER,10,0.0004149564550420783,0.00042554645563507926,0.004913663054153381,0.004439961773524421,139.25574634971065,13.445084684752334,1.0,1.0,1.0,1.0,0.0,0.0,0.0,0.0,1.0,1.0,0.0,0.0,1.0,1.0,0.0,0.0,0.31124353408813477__CYGNO_60_40_ER_10_keV_930V_30cm_IDAO_iso_crop_hist_pic_run5_ev776,0.0,0.0,1.0,1.0,0.386876004233976,0.44475301398594846,291.1903208010553,287.1305676595925,66.0,73.0,120.0,122.0,25.0,23.0,0.0,0.0,0.0,0.0,7129.232546879016,6442.498729842813,1635.8379453213272,1417.8741368398958,0.4053698061712776,0.4781779846030806,4.358153304408538,4.5437733593206024,0.1,0.1,1.0,1.0
88,1208.3773408780974,1208.4161925369615,1460170.1916607986,1460269.6620263099,1447034.915501038,1447317.5940397503,0.33888031021531806,1.0,120.72995662600164,19.3101117477455,0.00012607464575456473,-41.99372510109731,2.6514773152178703,2.3910513525530358e-11,2.1971729509973682e-08,0,-0.48257502913475037,ER,20,0.0006508615604958476,0.0005254596493589906,0.008995715865710421,0.008869641219955857,120.72995662600164,19.310111747745495,1.0,1.0,1.0,1.0,0.0,0.0,0.0,0.0,1.0,1.0,0.0,0.0,1.0,1.0,0.0,0.0,-0.48257502913475037__CYGNO_60_40_ER_20_keV_930V_30cm_IDAO_iso_crop_hist_pic_run2_ev0,0.0,0.0,1.0,1.0,0.6086991815070866,0.3666628156107378,262.1915390145275,304.1852641156248,82.0,76.0,173.0,137.0,27.0,23.0,0.0,0.0,0.0,0.0,13135.276159760473,12952.067986559565,1477.035986460178,2075.146639640807,0.6153833588675811,0.39659286874183325,8.892996704325464,6.2415193891075935,0.1,0.1,1.0,1.0
89,1202.727452054562,1202.7681704506977,1446553.366924301,1446651.3029591283,1443895.5004335165,1444857.9706951417,0.5702120523864297,1.0,111.68088765550894,13.739980014062454,0.0005977350385840791,2.898871688929489,0.1913410833969733,2.768504204524609e-09,6.083813027241204e-09,739,-1.4305554628372192,ER,3,0.000403029378923343,0.0004022210099067016,0.0018373788009187792,0.0012396437623347,111.68088765550895,13.739980014062454,1.0,1.0,1.0,1.0,0.0,0.0,0.0,0.0,1.0,1.0,0.0,0.0,1.0,1.0,0.0,0.0,-1.4305554628372192__CYGNO_60_40_ER_3_keV_930V_30cm_IDAO_iso_crop_hist_pic_run1_ev739,0.0,0.0,1.0,1.0,1.0602917603944266,1.4495255906544586,290.98411625883455,288.08524456990506,75.0,71.0,149.0,163.0,25.0,25.0,0.0,0.0,0.0,0.0,2657.866490784395,1793.3322639866499,596.6360660144038,420.63309107277433,1.0052264711352348,1.4943776296046791,4.454753311410158,4.263412228013185,0.1,0.1,1.0,1.0
90,1203.1883450720936,1203.2452158643569,1447662.1933862893,1447799.9767295294,1445139.8080513773,1445409.9196173213,0.01406157786738661,1.0,150.80580723920485,13.92922938643851,9.156533810432735e-05,0.5272768988759822,-1.1671440552684826,1.4461668392515411e-08,9.352193039232409e-07,696,-0.2656562626361847,ER,3,0.0003866464040432475,0.0005446443748404654,0.0017423853067626712,0.0016508199686583438,150.80580723920485,13.929229386438514,1.0,1.0,1.0,1.0,0.0,0.0,0.0,0.0,1.0,1.0,0.0,0.0,1.0,1.0,0.0,0.0,-0.2656562626361847__CYGNO_60_40_ER_3_keV_930V_30cm_IDAO_iso_crop_hist_pic_run1_ev696,0.0,0.0,1.0,1.0,1.2759524452484776,1.9157618224503392,288.6521803167115,288.1249034178355,71.0,76.0,139.0,134.0,25.0,23.0,0.0,0.0,0.0,0.0,2522.385334912091,2390.057112208193,512.2031291051555,392.3449343234259,0.8484726473534663,2.304826469506665,4.92458009641375,6.091724151682232,0.1,0.1,1.0,1.0
91,1202.3911283779298,1202.4323596566062,1445744.4234107563,1445843.5490717595,1444349.490080261,1444449.5799745466,0.5465190746660863,1.0,112.57666987714933,13.450943631719895,7.330496753655408e-07,0.20381049634664805,-1.1055177311975668,1.7719628603371656e-10,2.1834629427531212e-10,599,-0.7011086344718933,ER,3,0.00031178969142568063,0.0003673325412407656,0.0009648547197606004,0.0009641216700852349,112.5766698771493,13.450943631719895,1.0,1.0,1.0,1.0,0.0,0.0,0.0,0.0,1.0,1.0,0.0,0.0,1.0,1.0,0.0,0.0,-0.7011086344718933__CYGNO_60_40_ER_3_keV_930V_30cm_IDAO_iso_crop_hist_pic_run3_ev599,0.0,0.0,1.0,1.0,0.9543969415190626,1.580336718618652,289.25535109757703,289.0515406012304,64.0,68.0,221.0,189.0,25.0,23.0,0.0,0.0,0.0,0.0,1394.9333304954362,1393.969097213028,510.68434955179674,363.29511228040406,0.9899567794519695,1.5159154735435212,2.7314980999901457,3.8370158311877125,0.1,0.1,1.0,1.0
92,1209.868468477744,1209.910585335848,1463773.142709961,1463881.3251848104,1440890.0195652721,1441571.025987348,0.0031010428617320386,0.9999999768471216,160.8359004021841,50.31582651992923,0.0003924602020933272,-15.432316497999977,0.0321081026579364,2.6972287443392984e-06,1.2708883723359226e-07,651,-0.11659988015890121,ER,30,0.0009884897349387454,0.0009560670473951564,0.01563297103697653,0.015240510834883201,160.8359004021841,50.31582651992923,1.0,1.0,1.0,1.0,0.0,0.0,0.0,0.0,1.0,1.0,0.0,0.0,1.0,1.0,0.0,0.0,-0.11659988015890121__CYGNO_60_40_ER_30_keV_930V_30cm_IDAO_iso_crop_hist_pic_run4_ev651,0.0,0.0,1.0,1.0,0.6793133393932476,0.691657457540109,280.8456262960712,296.2779427940712,92.0,100.0,136.0,123.0,23.0,23.0,0.0,0.0,0.0,0.0,22883.12314468893,22310.299197462282,1637.5500780998066,1600.2348153961884,0.7420539336961436,0.7102572073547013,13.973998994426008,13.941890891768072,0.1,0.1,1.0,1.0
93,1210.9102048118848,1210.9306276954298,1466303.3789924653,1466352.9896361453,1447473.81438026,1447842.7852441897,0.0837602328864877,0.9759130412407334,136.48346275713305,87.01316591573945,0.00021822664706220088,-12.8462622341994,-1.8656241894974794,1.5478518883589954e-08,2.7671407173775065e-10,488,0.31916823983192444,ER,30,0.0005674670062695624,0.000781028422087912,0.012841520303352071,0.01262329365628987,136.48346275713305,87.01316591573945,1.0,1.0,1.0,1.0,0.0,0.0,0.0,0.0,1.0,1.0,0.0,0.0,1.0,1.0,0.0,0.0,0.31916823983192444__CYGNO_60_40_ER_30_keV_930V_30cm_IDAO_iso_crop_hist_pic_run3_ev488,0.0,0.0,1.0,1.0,0.3152038890664228,0.5341420510191632,271.08856559206663,283.93482782626603,81.0,79.0,148.0,134.0,25.0,23.0,0.0,0.0,0.0,0.0,18829.56461220549,18510.204391955638,2570.544121314456,2014.0032168654468,0.32246753764075675,0.6379274645933575,7.325127958736196,9.190752148233676,0.1,0.1,1.0,1.0
94,1203.3511161951324,1203.400148858677,1448053.907629746,1448171.9498100062,1446209.7500739107,1446178.7980614952,0.15909139217047863,1.0,130.0923763149227,12.050200734475258,-0.00010278051650818628,-1.1462850365812756,-3.3640612132859107,2.0364094423485176e-10,1.6797159610827439e-12,866,-0.9834302067756653,ER,3,0.0003366130359833048,0.00047560607505997484,0.0012735420595314873,0.0013763225760396736,130.0923763149227,12.050200734475256,1.0,1.0,1.0,1.0,0.0,0.0,0.0,0.0,1.0,1.0,0.0,0.0,1.0,1.0,0.0,0.0,-0.9834302067756653__CYGNO_60_40_ER_3_keV_930V_30cm_IDAO_iso_crop_hist_pic_run1_ev866,0.0,0.0,1.0,1.0,0.44013491626990237,1.811523328804481,288.116376553356,289.2626615899373,66.0,75.0,225.0,182.0,27.0,25.0,0.0,0.0,0.0,0.0,1844.1575558354048,1993.1517485109046,940.8786690754135,374.3641550278308,0.7748648328755828,2.030918823992827,1.9600375866185051,5.324098799904416,0.1,0.1,1.0,1.0
95,1203.5809042126666,1203.6240529935149,1448607.1690580465,1448710.8777444172,1447320.4589633169,1446552.9710243086,0.45611859293298235,1.0,116.00799671295698,12.147913208997492,-0.0006012963115072027,-0.4647145125640577,-0.4141400512633586,1.3387877759885072e-06,2.9896125966067695e-07,172,-0.7554131150245667,ER,3,0.0003620212446672859,0.000402740814284848,0.0008882394911564092,0.001489535802663612,116.00799671295698,12.14791320899749,1.0,1.0,1.0,1.0,0.0,0.0,0.0,0.0,1.0,1.0,0.0,0.0,1.0,1.0,0.0,0.0,-0.7554131150245667__CYGNO_60_40_ER_3_keV_930V_30cm_IDAO_iso_crop_hist_pic_run5_ev172,0.0,0.0,1.0,1.0,1.7769936891706453,1.2281922357347093,288.5557597867644,289.02047429932844,66.0,67.0,224.0,157.0,23.0,23.0,0.0,0.0,0.0,0.0,1286.7100947296458,2157.9067201085363,328.3374964245218,498.0162821649425,1.5676211107700677,1.245747379833411,3.918864304995499,4.333004356258858,0.1,0.1,1.0,1.0
96,1205.2457724975525,1205.2844529039112,1452617.3719467937,1452710.6059758244,1447536.0886058223,1447471.7014745653,0.7228457164915869,1.0,105.62808640122196,12.389827966038082,-0.00010827691711230757,5.797864999731644,-0.280730725547202,5.9990324795663706e-12,2.1905552203631906e-07,667,1.1330015659332275,ER,10,0.00038784719795105857,0.0004299877833952811,0.003498019119901921,0.0036062960370142286,105.62808640122196,12.389827966038082,1.0,1.0,1.0,1.0,0.0,0.0,0.0,0.0,1.0,1.0,0.0,0.0,1.0,1.0,0.0,0.0,1.1330015659332275__CYGNO_60_40_ER_10_keV_930V_30cm_IDAO_iso_crop_hist_pic_run5_ev667,0.0,0.0,1.0,1.0,0.5254704983716059,0.5574195484200936,289.56101918727006,283.7631541875384,72.0,72.0,136.0,151.0,27.0,23.0,0.0,0.0,0.0,0.0,5081.283340971565,5238.904501259154,1174.6133852481166,1137.2480792950344,0.4722152485387356,0.6058616402525749,4.325919834378724,4.606650559925926,0.1,0.1,1.0,1.0
97,0.0,1210.9317358233593,580207.3957485278,1465914.3752629594,1969878.1574465632,1442952.6629425792,3.4640054081955004e-20,0.00634096177370544,312.61769458262967,156.25701196450575,-2.4107913721356287,10.49017799295575,109.1670452240142,0.006015835230818695,8.442021699422704e-08,871,-1.3074647188186646,ER,30,0.0,0.0011280379239551079,-2.395127624847346,0.01566374728828288,312.6176945826297,156.25701196450575,0.0,1.0,1.0,1.0,0.0,0.0,0.0,0.0,0.0,1.0,1.0,0.0,1.0,1.0,1.0,0.0,-1.3074647188186646__CYGNO_60_40_ER_30_keV_930V_30cm_IDAO_iso_crop_hist_pic_run3_ev871,0.0,0.0,0.0,1.0,0.0,0.845250102882985,312.3198966767903,301.8297186838345,0.0,105.0,1378.0,188.0,3.0,23.0,0.0,0.0,0.0,0.0,-1389670.7616980355,22961.71232038007,-11098.67064390067,1431.2146228758982,0.0,0.889858191102402,125.21055956027816,16.043514336263947,0.1,0.1,1.0,1.0
98,1205.4458234240947,1205.4938237631766,1453099.626697768,1453215.331601204,1446687.9119116557,1447130.2166759432,0.11590530800200424,1.0,133.3714736325067,17.668400387442194,0.00022509424079982226,4.538245642163815,0.6328991729087043,2.6486110500202994e-08,3.639149090346093e-13,282,-0.3959488272666931,ER,10,0.00044148538664212015,0.0004258330570202484,0.004412439910044721,0.0041873456692448985,133.3714736325067,17.668400387442198,1.0,1.0,1.0,1.0,0.0,0.0,0.0,0.0,1.0,1.0,0.0,0.0,1.0,1.0,0.0,0.0,-0.3959488272666931__CYGNO_60_40_ER_10_keV_930V_30cm_IDAO_iso_crop_hist_pic_run3_ev282,0.0,0.0,1.0,1.0,0.5559718387204604,0.48221422065021796,292.90338587909764,288.3651402369338,74.0,75.0,119.0,131.0,23.0,25.0,0.0,0.0,0.0,0.0,6411.714786112317,6085.11492526059,1223.0940716328967,1320.1791840265973,0.5198078945606732,0.508377425712134,5.24220902939406,4.609309856485356,0.1,0.1,1.0,1.0
99,1204.9508512966934,1204.9871638096288,1451906.548291486,1451994.8482773819,1444256.3431579082,1445187.0424171435,0.7716255108313627,1.0,103.45170738911185,15.945137848031337,0.000580487274886801,4.399641494540504,0.6945903091739947,3.282040048159111e-12,5.488773942709215e-07,124,1.354874849319458,ER,10,0.00045625351141343276,0.0004136988756239211,0.005269075439173452,0.004688588164286651,103.45170738911185,15.945137848031335,1.0,1.0,1.0,1.0,0.0,0.0,0.0,0.0,1.0,1.0,0.0,0.0,1.0,1.0,0.0,0.0,1.354874849319458__CYGNO_60_40_ER_10_keV_930V_30cm_IDAO_iso_crop_hist_pic_run2_ev124,0.0,0.0,1.0,1.0,0.4630824344510019,0.4240201863745296,290.27968782451677,285.88004632997627,69.0,70.0,133.0,121.0,25.0,23.0,0.0,0.0,0.0,0.0,7650.205133577772,6807.805860238524,1461.7700143245374,1499.8697335834004,0.4764162730228047,0.41965317644335326,5.233521729553893,4.538931420379899,0.1,0.1,1.0,1.0
