id,classification_predictions,regression_predictions
001ec8f4d2679f2899a63e4b2597c0a10bd9393f,0.0,20
00327390bfd6101b87106e96e0efc1c938690e1f,0.0,6
00573dde8addbac780cfa35a55a790fa1aa45178,0.0,20
00cb5b91a4acdfaa2f55dc2266e598ff06f9209e,1.0,3
00de1146bdcbfb02ed5f0e13fd6b9fe62157c0b2,0.0,6
00f087717fbcb44bcd56dbe9477010db40ecb48e,1.0,10
010bda01a2a05a02638f256ada2a9acba88de850,1.0,30
0118f4bbc13bb2dfa2409f325e395919317d020a,1.0,10
0121c786361563c893ef4072cec506690c9dba41,1.0,30
0133154cf25bb4d555bc6bd3cbe35aec4a1541ad,1.0,30
01422922839397a697d74966770f74375cd53ad2,0.0,20
014cd6dae8af47557ca224fe0ba1cbd3de574b5c,0.0,1
0157998abecf93326c60928f0f899afebf0baf73,0.0,20
01669a0cf123d9efdc66260f88d480fba3f0ef57,0.0,1
018b9fe77ac82f6716b41b946b2280357f69949f,1.0,10
019e5e5302c91036c734501ff83531d74df23095,1.0,10
02084dd15280568e2942bce0e3aad9b7fb65e57f,0.0,6
0278482fdadbefc0a959eda682c645a8e74214cc,0.0,6
02b855e6e1dfed8845b80885a898a27efe562b9c,1.0,10
02d128b9a39ac2e3768ac07c4226670eccabf82b,1.0,10
02deb5657eed40b36758fb2cd0acf2f826f0cf56,0.0,6
03127018365fe7c2fa63c69f7d12bf12c7eae156,0.0,20
03168f1b386cf6b93e39960c0ae79bd872da8cdd,0.0,1
03e164b6d5dd5c7aeb0549227fbd4d23fd94e455,0.0,6
03f957407089261e5ecd4c7e9f961f5f91647fc3,0.0,20
04264dede5458827f043cef7dbab1d617736564f,1.0,3
0434b00cfa6e902867cc467460a32ab071e99064,1.0,3
04656670c99f3df4e5d322f79a5db90f059d4488,1.0,30
048f71bb4d3ca31e6bcdd8f199e16f26a7ccea48,0.0,6
04d8aa9f2933d78be43759a2b033e30a3410b46e,1.0,10
04e059f7ec5e3f3882044a7c6d68e4e8a4be5b1c,1.0,10
051e474a23a47faa7de98b54b86e684949bb0b99,0.0,20
05675db4b4dc74a09836eecb03246220166f7295,0.0,1
0571a7247e7c237a5b89c784db63e60f49876fd7,0.0,6
05767efb993baed78bfe8c87d78a502280635def,1.0,3
0578240c7f7b40a0e3e4474cbd36ee9f75e37e45,0.0,20
058ffa3ac28a0cd30905a946ca81ccdaf8df88dc,0.0,20
05b4d3ecae91e975e37ad306ddc60c11a1b16d1f,0.0,1
05b6f0db8424adff2504fcc99f92088365a11ee2,1.0,30
05c8e07a0b3c4abc66bd3d1bbe2e6a1eb10922f9,1.0,30
06300c0fb2097fe4533935f98070ba151f749870,1.0,10
0645a92da4ffb6a99968f1033da4274387de1786,1.0,10
065c5525cbe908ead27e54224153581c288a7f85,1.0,3
06853237c7cc6a9d97949f769c51af2f82c66dff,1.0,30
06b12ae0682b5b0b0c2c211d0b5ac6f909b04276,1.0,10
06c1408d71a3af4d42504fe417f8886833cf48e9,0.0,6
073397f61ffc69ac797da616b3917cd9b5be9790,0.0,6
0800358fececfe13a7895f6dfdd22c0585c64d1d,1.0,3
081c4f24547e8300e77f36bde2740972747e84ab,0.0,6
082e22c1d28940542fdfbca0d4b7f8d464ee89f4,1.0,10
0851c743440bb0bafa222e4bbedfaf2f66ac7209,0.0,6
08a74e9d14d7d40f49a837140f0ddf45f9a848f1,0.0,1
08c0d80c9459caf43bf0054db17c05327dddff76,0.0,20
090403b3a0dd7287d65b9d5b5e5e4dca3729c2a4,1.0,30
0908d699b9771b6c79d4c09ac6c3b9ce8f9372d8,0.0,20
095dae8cc2babed194c43a2b9ef8b42914e060d2,1.0,30
09b940ab1661ea7f7569c47c2664dbdaed12cdbf,0.0,20
09e37721985c925e7ee353be92608110a33ebe83,0.0,1
0a02a0f55e306cf2a181fea35451611075a6f729,0.0,20
0aa4ed8235fae96c79fe8562df1d720c5cbd348e,1.0,10
0acb406e103dfac1b81c5f6d022ec10802d5316f,1.0,30
0afcd8fa6a96764f5cfb8ef1bb627a4dd463a4d8,1.0,30
0b3e1ea48006d77df9eee781b3ce67b94e3459bb,1.0,3
0b41f8a975ade21609aaf94381076aa9a9b202ce,0.0,6
0b71b195d17c910dc24873125c61086b5e01851b,1.0,3
0b7f2ea9334ed7737021e6aff835c769b1645828,1.0,30
0b90de78f32c45e5467e08945d46b67c4bb7c8d6,0.0,20
0b9c638bc916aac188d2ada73ec241f3d5a26e1a,0.0,20
0b9fba2fda26db735aef7d01a7e31c657c9f14ac,0.0,20
0bb4d6160bd83836be1392c44ff5e1a26ee1bf26,0.0,6
0bbb57ac955cb4c83fc139d5cde65afb9fa7fd50,1.0,10
0bc0ee360254e009b46606afd997495720384602,0.0,1
0c1d32eb4317f7692818001f68bf21c666d1a5c7,0.0,20
0c2b855c9bbdd1513b826ebdbd157ee8afa3faa9,1.0,10
0c4e389c867a634186b93e511a7d19d2591b668b,0.0,1
0c7d4caba9216fec568f8f83a73d88d43b357916,0.0,6
0c9bb8db86ab472714c5d036418b61e833139cfd,1.0,3
0ca6925d7cc340978418c9b577622413267d5ecd,0.0,1
0cdf2ab46792fa404282b7d7b17ce97d0245f85b,0.0,1
0ceb33bacbc1bb71ad1ed2fe3f4be9ab353d5049,0.0,1
0d244afbbec97c5be131e9e6d0bfddc98f93edbf,0.0,1
0d605dc9988cabd94f0df587cfc60f027c004448,0.0,6
0d7177eb500bff276daefe3c2c0413a5a6e3de5f,1.0,3
0da2b7049a854a2e0defbd81e446399f4dc28ac6,0.0,1
0db596814179456485b6e076cdf789c293335892,0.0,20
0dd65a097ac93da2a58262d9da6e7cc88d44dc3f,1.0,30
0df597f1906175f01b99dbe88aedadff9ea361b1,1.0,10
0df8649a67cf0a3b2bc210b7fec0b494fd8f32c8,0.0,20
0e18387fb4e96b3e57315f8561773427a5d57245,0.0,6
0e5a46fe7b893f602e27620488b7b361e4e2b718,0.0,1
0e5cb8004169f0b97940d8d25ccc3d1c6441ec97,1.0,30
0eedd1a49f16a78dde1ddc7c0b03354db69d5968,1.0,30
0f2298795361a85381c1d53a98458803fedb41d0,1.0,10
0f4ca92dd6f3da4f56869ce602c8f631dead0ea2,0.0,6
0fe5506628fd3987b2e4d88defacaa1a7c4776b7,0.0,6
0fea9e85086743369cc336db10142a4fe57ac86d,0.0,20
0ff83a6260b69e97e894b23011674c5a22360f1d,0.0,6
100f8a123f6fb221ea87371cdc55da5aefa55549,1.0,30
104f93aa0b6aec34df30a71a9f94c9e37fee4ff6,0.0,20
106834dd258ae0dae334d302e7a87744ffdbe180,0.0,6
10ac608c4bad5b03e3d12503166661cdda7ac3e4,1.0,10
10fcc0eddd646cb5f5b3f2ea474dab00f0cdd43b,0.0,1
10fe613718929302a0afb1cb17063bfe9a318c3b,0.0,6
111129f7cf86b4112fccc711c0f160aa065fab49,0.0,1
1149795eb7b832cc64612d9f3bb78ddd11a1a79d,0.0,20
116c7ec81c83162f6dd62d714b9d0ef26f5cd494,0.0,6
1176feddf52dbce54c45160a754cd49cba99c66b,0.0,6
11ed07d4154306bc3408025fcc3dfeed23877121,0.0,6
11f3662ec2ac17b61d4ac8e2afe220df98ac3fad,1.0,3
12341d6d86eddb110c5a1bcd0ff57a2a63f14eb3,0.0,20
123c4a2540e136711b89cb2ade9eb66942d95eeb,0.0,6
126d0eacc781c450b9f598dae9d4c5a37a094210,0.0,1
12bb736b09cb9200e542ac993ed1892d071ffdf8,1.0,10
12c1f54f3fd2d916f7a07086a854d2989838fac7,1.0,10
12c30cd3f64dc22dc9ddc12ab901b4e3e21d8a77,0.0,1
12fb128f660cb26d55079a2b7258046e69ff7964,1.0,3
12fb152ef5a074fe29942a1e48cd3ffa2abfa1f2,0.0,20
132150687234d81330bededbc4447454396d1aa2,0.0,6
135b71b5f9c9d3504b8a580afee0e9ea09f0aa6e,0.0,1
13818b0f7a75a9f32ac9c4abeab31bcd95689b27,1.0,30
13a817e6a149a13a07677f6b9545569b8d9228be,1.0,30
1464c83d09e74799f639cd1b100cc048941b018d,0.0,1
1469ef19451b127e244714aa20c404d0d787060d,1.0,10
1471a4c2e442ed0609413df8c33423f850a1cbc2,0.0,20
148167635e419f53a4a8b5e4f0ee602393de5f9d,1.0,3
14ad1d14145a2bf72a5ae92d2f71772c42c26b92,1.0,10
14b5bbfbc5ebb6a496a265438bdb6e435d12363c,0.0,6
14e9b4586217513f356989c63b285877b253f65f,1.0,30
15203196cd712c7c93fe63cc97fcc5d7fd6e9fcd,1.0,30
159f4db57fc0ca6e39de954b4ef439e0c4de2a1f,0.0,6
15b2edd35d312659b5e614ee7209a3951f981669,1.0,10
161d84ece926ad2e2dd5ca7603f17e1a473d3061,0.0,1
16472c1ac0bb7889275e5201a5665fb719e0c989,0.0,20
165f6a9d55fa7fe273e10b5adbe1a544e78a6cf7,1.0,10
16762e2d6cc92fb23ee7f60c7caab25fd2fe7f8c,0.0,20
167e8795a52ada22caa6bb9474c02c8528e41a31,0.0,20
16abb4ac9b3a224d9cdcbcdfabe324e7981bb6ab,1.0,10
170094e72b947b569413d7ffc2be78adfe52e9e9,0.0,20
170c5693a5c576e3f773a04122e76068dd132d68,1.0,10
17897783ec6bcda57d18bce9c4b12a987d7fe166,0.0,20
17eaf5852b3d067d5583438c69467d6dccea9550,1.0,3
17ef88c1f9342219e3621aa05090f0a5357344d4,0.0,6
18189aa06174d9ff5eb7227fcd6c6f2151cb0062,1.0,30
189c4a13dd295033fa5f27ef28cb4fcd416ddef5,0.0,1
18c70661d61ca9dc365f81c103bb22d29304748b,0.0,1
18ca8ace7c54b9a0fa3f6bd0fd24f2c029a966c5,1.0,10
18e30975c72d92be420d1e780c0cc6bbf009842b,0.0,6
18e88ac45596d096011d53535ea7d0d09bd40e45,1.0,3
1921ae1dd7b5b6b6b709761cea8483d1ac602271,1.0,30
1925c472ec19cc37b8d05dd39cc8082534a24a55,0.0,20
192d5484c56bab5cf2118c96fcc8f9f625d464a0,0.0,20
195cee1787abce9685cc3d8a3dfe41ecdd767e3c,0.0,6
19f9d58431b6a9846e1cfe3d5808d5c922d7adae,1.0,10
1a16d3b20c3a94a407e9bcf73fc7cccdfacfc75c,1.0,10
1a519d0d41e5c950b81945f59ca300c8c262c2ad,1.0,10
1a838a79bae41f523e77c6283b8d48d640361bbd,1.0,10
1aa237c0928427ccdde877d3a40c4e62db6dcd02,0.0,20
1af8352232258fba172ca3d6362b9aea0a8840e4,1.0,10
1b1ae6ad98dbe0beb95568b7bcf8932e3e78c966,1.0,3
1b28f7e566e52c4ef20af97d28251d85101af13a,1.0,3
1b58762580050e50d23af38edc561b68b00c8197,1.0,30
1b93eee095fa4184be9b19f37639425d36deb139,0.0,20
1bae2dd2d7551070ae1b44270e371a8f23e97593,0.0,20
1bdcc195700eeb5b5500064855fa01e103581f4e,0.0,20
1bfcdc43c1c3004d653b64928e3d3b6fcf4018ab,1.0,10
1c026bf8693db3af272e27ef75c1b9c63bab5be5,0.0,1
1c05feeece98be0c3fb6211566425a0d0676305a,0.0,20
1c3d88a1ffdcc53577082deec4dfa2a95ed9ad55,0.0,1
1c52210191f4bd70e2a829c309dc7baaf691a8ef,1.0,30
1d8135f2a8522f8db7c04c4d5bf201f2f2ead86d,0.0,6
1db55d09700417390dc845d21c1f2c5fbab450e9,0.0,20
1dd641e3ce058aa2294c56fbd5c185298146823e,1.0,30
1dfc218e5b3d65763f59bb0646bb5a1ca4c04646,1.0,10
1dff5652d2d7c1874a75f8ead4ed5ef1cd6139eb,1.0,30
1e08f1e9a8c611a99034900d7e71254f3e0bb0e9,0.0,1
1e09105107dfe52025a6c1053f58272af31b3de5,0.0,6
1e10857416d783455745606bea039a1d566f8e96,0.0,1
1e45c30670aec6ce52ade04cb25b7ab631dad90f,1.0,10
1e6a2023e2269f73fbfa6e1adff57fe356c7a47f,0.0,1
1e8120ccee7554528fc7c54cbd5bf90d53bec60d,0.0,6
1e82b654b8eb2302d9807fd85275a2626cb7242d,0.0,1
1eae98c8360d4c208d05b85ecdbb33f71bf12c37,1.0,10
1ee937270de2993da43506e0c8615bfae80d294f,0.0,20
1f376db0dfecbf95de1f2e70f900a3e1d13a2b06,0.0,20
1f6241060bb63ce83fc346d7d1e84500409866bf,1.0,3
1f648094c2cf805837a8cced52ff0f1c804780aa,1.0,10
1fd04508b13f9b278b59d8351d1b4a4ce173d3fc,1.0,3
1fd5df313dfb07b775f4318286772f827b21fe80,0.0,6
1ff5389b3b91cf727db4c5cb3eb96f25e21c339d,1.0,3
1ff57d8ff8ddac3858253e1ec0624d34d52eb528,0.0,6
20418524b2382d607390a6b102b0ebea7f3257d1,0.0,6
2055d45c9a8a527d50606126f97777f231746ff4,0.0,20
20a9810faa5fd40893d9855b07531bd152e339db,1.0,3
2103f6d2ab7ad409b6892de851b78a62ce35ac33,0.0,1
211e1d9420faa20705eb626304fccf61574f3994,0.0,20
212a01935be7edba3bd79ca01c1b498a119f3246,1.0,3
2136092c7302ad0120b845168759ff62c7c35dd9,0.0,1
214e38239e2dec8b69c5e43063d2a41ef72dc4df,1.0,3
21c47f62d1f25562cdb19ed84ea41e69cc1686a6,0.0,20
21d80e1ba6110b21a5af63875e5c17ad3a0de06c,0.0,20
2210701840a642e4bb1bc4a01854481c752d8c48,1.0,3
22740ecc0518ae7e6c49522f2f77d882665e9c22,0.0,6
22be1468a7e19a871a2bf5e15320edd54c681881,1.0,30
22d2d4d3b36b0c9925a127c73a8b6ddb8fc4b227,1.0,30
233f53af48319846a8ce34adbcd24dec99792cf4,1.0,3
2342aa2769442fcb869a5178859906ee81493f8e,0.0,1
234ecb619bca4523ea4167f0afe51a9ac289b85b,1.0,3
235a5f6cfd291c13cd1ac18e91573277a2e8fc3e,1.0,30
23d76c20de99f0543cece7fa1893147cc7a46ab3,0.0,20
23dd0c5c74a3e92def62089f0b1ab317fb475c24,0.0,1
24a472671106c22c2d6217441948595c48baa05c,0.0,20
24aa9780e1e62ba5a964277f6f58d2eb942928a7,1.0,10
24eb477b93f25fabe002df4016cab2396307cc8a,0.0,1
24fccd3637b6b14272dfedf606213c389f5b90b2,1.0,3
2517f6a16384181239357d0ebe25817f3f77d1c4,0.0,20
2533a75019c4db6e34309c268d631b20882fd5f5,0.0,6
257b2d6250263096e68ad18faf25bba1e7e641cc,1.0,3
25b1be8076f0de46232bd46a9779ddd81b5caa54,0.0,6
25b6d233115f73d0a9fe2d0cc41daf71924bcc19,0.0,1
25b88ce24eee1ecd417582f95b985d2e8a381fda,0.0,20
25ff691113092f550678d57ddf8fa64a54e815c5,1.0,3
2609b2040f7aa906a42bfe995c92e5ae58ed49e9,1.0,30
260cbb1ef1ff886c066adb964ba8aeff8211c5f5,1.0,3
261f4577c92a25077720c33122fda0c03fe57eb0,1.0,30
262dec7b54faa544af2f21737224eb0a2fd707db,1.0,30
2650094e200580c6044ae65db32b9be8c352f40a,1.0,3
266d3763258d460fed2cdaf59d6de7af79b2ff1b,0.0,1
266fb37c0ad5d954e8355b1423b6961a2543c134,0.0,20
267d249434f722f379a15b32f88a85caf957aba1,0.0,20
267dfe3e74295574846f06cee503751ac2f1583b,0.0,1
2685fe5daf3ff887ad63a75fb5b78a550e9e8069,1.0,30
269d34d47a58ad0980295ed294237ed2cc1b977b,1.0,3
26cce163e312efea37e296f1477429c1ba19351c,0.0,1
26d9df71df539fe292822f18ea8e070122b150fe,0.0,20
271849290c7c0c6f5951c12f5f33e726f50b7506,0.0,20
2745e965d5fff922f230b16c09f2dc27f5903693,0.0,6
2772d213953b089f0b6060268dd85499e8bf8e3a,1.0,10
2786388c5b2e0c3ea3e3417803b39c7919210fe4,1.0,30
27886b46acfdac9a01bdc9739dac765d1d022ef0,1.0,30
27a8e95921232e9e61e679836101aad2d15c9a5f,1.0,30
2819646f6c665b63a7eb70e4f5b2bdc1ff0f801c,1.0,3
281add16fcc796a5811df43e7f17d9d711c97605,0.0,6
2876a4f96780b78788d532f01db482b2ad8b9097,1.0,30
28cea16b8435fc034e80e24cbbbfdd1b12e4c45b,0.0,20
28d247855f0558274233e891bc26fb67c44ca8c0,0.0,20
2939686139fa18d0fe8bdbf2085cc665c909ba6b,0.0,6
29b87e20024c5549e4cfe73e10ba10284c2639ca,0.0,1
29d87e2f21436f7770d170d9b07557de815260ba,1.0,30
29fd052a0f48ac3ba8714235686601831f53d3c0,0.0,20
2a0b69dee90302ee58f568f8453c4a99802248e4,0.0,20
2a1732ca71e44a3c438bb99919ab8b9a487c4b6b,0.0,20
2a1745777df28343608465de6836714b05657098,1.0,3
2a4b7eb4c932f8ab3aa1974f0fabf8e4ed98073d,1.0,3
2a72d6c52aa5b5c3d822d2492e731f36b2f6bd29,0.0,20
2ae5d67bf1ae4ddb8c8e3588dfe915151e66aa03,1.0,10
2af0cd43744b782634e4541774744311cd4b38b0,0.0,1
2b93af99d2056c750fc6c7ac9012cc415bff5fc3,0.0,6
2ba29b443f04de40a0eab2d48c8ccb84a5014021,0.0,20
2be24fa6ee435a4602b348b11aad65b8ecdc496d,1.0,30
2bf071aaf23297b590b8cf3c65cffbca7c0f8b97,0.0,1
2c04bfc774f93536ceb093313f8eb79ab65d01de,1.0,30
2c0d6726ad58b8b51d25fbf426cadbba9a0e5f65,0.0,20
2c1a9c379519d1996b8916bf99e8aa669a5db3dc,0.0,1
2c5f62eb55d6b7ddfeff6c075e15858434e81846,1.0,3
2c6593a0a61e7a8a48e185a43ef995500d207154,1.0,10
2c705d2db6a78e0177ea7a523d01301c844fea67,0.0,6
2c750116104e7340055345db197d83ad8ecce5d5,1.0,30
2c7884f5da696940b8731328efd5e31dd03e2a18,0.0,6
2c79237459e6d5142b174337e464245f77ecd9bc,0.0,6
2c9119ab6298fe401ce47ea695fe0d5e2bc8f12c,1.0,3
2c96172fded289c8a48b0d82b9b8a065673da3c2,0.0,6
2caa5748f814bbdbc64f4db43d7412ce359a777b,0.0,6
2ccea14c63174beaeaf46fc95e216532dfd1b886,1.0,3
2cead8a6c25e424e439d2ac7019dbcb245e2ec71,0.0,20
2d0400a892b18e53e737d964b6c7254930c8ca3c,1.0,3
2db59b662511352ab376ddd4c8143b5fd595c5f6,0.0,1
2dbbe55dcb8c1e882cdd40f9388710f5145967e9,0.0,6
2de809591f062fdaa6ff10cbcc8ef6cbce591cf5,0.0,20
2dfcf7bda4731bcf658bb5b210a4bb8f6bc3d38c,1.0,10
2e3913f15d9b79e7ad5a01e53b1e5be10834952c,1.0,3
2edd4ada58050e33a817f0f15b8821c61f4c1793,0.0,6
2efdcce50164113846ee4c6f523905d70dd92b29,0.0,20
2f3976893e266509756146b3bf2b19cdf4d17dc1,0.0,1
2f5f459a4a1f8f5943bf704c1f18399270cebd59,0.0,6
2f8664ffbecad951510eccd08ca9d41a9fff0f9f,1.0,10
2fbda22fa1ba840d06668b8f2b0a11a632cd9409,1.0,3
2ff2358ac7862a36c9dc127e97f6df4e3a3dd9da,0.0,6
30135c86cb8ba85e628fb637fb7ce00258ad4583,0.0,6
30292a3320d4224b1eb5d60dad1be0a57a4472e1,0.0,20
3038042a0be5808f9f91f61162b6f74fcac49c67,0.0,20
3057f36aa15222ce719c1c13a74a286c077cacfd,1.0,3
31083bb088036f24b2ae8d7856c1245e806f88b0,1.0,30
3109b2b36b435647bb5de0b98b79da873f64fbb1,0.0,6
3129b5a234ace64dcf90bead08df83523bd724ee,0.0,6
313fef9844c9fe9b2c179a081fb76bee14f6a9dc,1.0,30
315d97d45d81d4286ab4313a0be6e89ee3abaa13,0.0,6
31fcc699912ad04fecac41db498588905aea931d,0.0,20
321cdeb6eb167b5fd816496d10add2fb16dd6789,0.0,20
32bb77b0c8595aaaea5fe94b27e669b2566bba8d,1.0,3
32c472716577a583adc9ada9eaed2df3a368de0b,0.0,6
331a9ee004a8f07edf8ce644fe3d85117ae9951a,1.0,10
33215f66ba0b76093e51781656d104e64d443be6,1.0,30
336f743a8e5f5a582372c9e7dddc1d0f522ac5af,0.0,20
33727564affa1ff90c41de7a7b606297c89873ae,0.0,20
3398bf897973386ec8f295e425118298a4408ddc,1.0,30
33a60126089d0bbae39da3684a4bd2451f3bcbcb,0.0,6
33df45a55e2d53fb9af580bbc0d75fbf79c66614,1.0,10
3404946424f570d2edbd73a25ee9b9b7a2a3ba9b,0.0,1
345635c2d7dc70f40a990fdd829d0c083d41a4ab,0.0,1
34575e95ad16032223edd93ed3736d7d5be04ed4,1.0,30
346f44592bc3e2028704ae448252a68d7c7fbe85,0.0,6
347a1ffb49d0834d2961023c55c3121d337ab4f5,0.0,20
3497134de6a588ae57f0e0e778df0956929220e7,0.0,1
34d5d2a8e90cd0ad2bc3a04c373e4ef5cdd497ee,0.0,20
34edb9c39020461271142a308b73aa150ede65bc,1.0,3
350c18bbd41cc46e40399cc799f72e1903b82ae7,0.0,20
3524852f70b4dc4015b2f7e9e3d5554274dcc4b5,0.0,20
3527a50680926bb917b62fc800452ddb546866f6,0.0,6
3574e4825c98cea8c030d2ff53f56266fe9c3420,1.0,3
35b754128d7ba027f98d24586a359f56ea05dc9e,1.0,30
35e47bc9b33ddf2efe63d450a14bbf70601293dd,0.0,1
360440c10330e9a905fa1d6c5feba2aaaf98f188,1.0,10
365c075cc38b06f79be803632963407b181ce92d,1.0,10
36642801d5047ec6267df68720f98769f95a3e8b,0.0,20
36922d3a19e22ee6f6f056df66cf90cb00ca47de,1.0,3
36c65f6697eab47cec88bf884ce656a11190731b,1.0,30
375b1fe4c5a5a4aa7579f889993ee32209956c12,1.0,30
3773a854cf52633c5c8edcc690eecf429e444958,0.0,1
377403d8306bb9bd4ae42c15ad03c3f4bc419c60,1.0,30
377bb567d539f33c686ebf46ca7eee29d52a933f,1.0,3
3797aa78ebdde9451bc712174153a3126a0e3208,0.0,6
38411ab56bd3e969761ad21f89beda3bc29bb422,1.0,30
3875f013d1c273ebf3d5503a89d0c18b8d06c9b5,1.0,3
38bf1b4876b61761b788c50dec7749d5e675e8c0,0.0,6
38e506faf4cfbd7e468c200e384f0b0d07fa4525,1.0,10
390983be9d3801f1c92a72a45bb8abe85a994f58,0.0,20
39278864b4ab549597d5273afa1611064c51e3ae,0.0,20
39783429fef472ac882d8fb5f16a683ec0719fff,1.0,3
3a0ae51dde7ad60d6d4694e4240d0068b4edd03f,0.0,1
3a7d9c7013d3e637fb12f21bf068d1de346c061a,0.0,6
3a8a44bad74d182aae3ebf9e6bdd8257176708eb,0.0,1
3a8a5b421cccba7beadc8f5d3b3b399f37adca11,0.0,6
3b03b6b1b17157a929c434781b946f99663c6114,0.0,1
3b03c6a6a0498480f95d88367224fa152d989492,1.0,10
3b152d6a85eaeac290b26007122152c958e429f6,0.0,20
3b449478c2d443afec54e35010fbdabc450f3aa1,0.0,20
3b96b811c542b9270788031161b81020b502bd12,0.0,20
3b9f917e9eb38e7a196b65d8a183ced8d97892af,1.0,3
3baa5f098e5fbce49725055cf041289d98480f73,1.0,10
3bc78159fd42d7c4ba4ee8b0d2d4966bdf7c8623,1.0,10
3bd6355d60c9aedf79465f8de003f779ad450d5a,0.0,1
3bf3ff655766a9faa479267533ca37d366866eb9,1.0,10
3c0cf8806e3893afa56c1094f5c63bfaf612bb46,0.0,20
3c4b6b1e5da7b040e545dc545adaf6f9bbec0e19,1.0,30
3c6d35f60899510a8fe359a3d234072e8b29980e,0.0,20
3c858ca9b9a43558f9bdcb1bc3e038ac159065e0,0.0,6
3d37119030038c02f0b4c6e051e30bfbc34e63f3,1.0,10
3d568e52271c262d87e34e6cc1d6dffb4c420fba,0.0,6
3d68d55957bf6b3ddc190f7736a24d395f554069,1.0,3
3db9ef99cef02f01acffad1524f449a6039dfd30,1.0,10
3dd8f68effeaac783d06d08b2e048bed569067a1,0.0,20
3de514c391610aef0697a22f4e56f553c125238b,1.0,10
3df35d250bc9694bf68e6b23acca881e378247e0,1.0,10
3e04299754b87e06d212d621198f7ec7faeacff1,0.0,6
3e2617339eb0fefd647ecb593fb603ee9941c410,1.0,10
3e83296e261b87dc768518d904d0366955be9115,0.0,6
3ea64e9c143efc1b3752cb10db509674fe594759,0.0,1
3eb403775f597f48670f0eb8a38cde306c48e875,1.0,10
3ed32126a9ddd7711433a7203e49b0def9bb3bb8,0.0,6
3eeb535b562d2e3a13b3e1de2b6413ddeb42b511,1.0,30
3f2f12a18b0863594846e534d3657bf8eb1d9d74,1.0,30
3f39b3fb39184fc92e457b43386598d4d5fb991b,1.0,10
3f48634017d04f9d219e487d9be145754dc01e6a,1.0,10
3f49f77b7d2999878995be4fea9c455d2fbbe132,0.0,1
3f61b53a2277ca74c485f46bddd22c0f4ea0c7ad,1.0,10
3f82e470ba5b24726fb8063524e83186f11ddcce,0.0,6
3f9c8fbee881afbea1a0aa0da299c87d9271c275,0.0,1
3fae149ab0f4aacdb3942b45d32dd71a0419bf1e,0.0,1
400f686bd6b834159b40a2df5dc2a1fdb79648c9,1.0,10
402cba852c7c4c217cac4748e38938b010127bd6,0.0,20
405f33a347e161c5217126a09ffacd49d3a355b4,1.0,30
40833c77e6827ecad0cd79a1c95ab3be9f486297,0.0,1
40949da91d4465721db9ae41789b8c8c9b990822,0.0,20
40a5b5d18168b2b0d4ee2b761d6d16cfa8843a54,0.0,20
40bbb10cdfbd2f01bad2d3bca99351ff2317a455,1.0,3
40ecc0630099e085aae38d377320afc0d4bed4b1,1.0,30
414cf18471adfe26802196794023a987131da8dc,1.0,30
41569f42d3ba65990b004d10cc5049079749d683,0.0,1
41afead672466b204f85ae466cbc33ce4604fe5b,1.0,3
421337aea07b9542a910b89fa389a32976a28f23,1.0,3
424b57950c8838b1bff0ce1f5329816caddd1d67,0.0,6
4263f887f5301e5e2a982dabe42e1525c56f385a,0.0,6
42accb5a89db0fdfc3eeb93bd1f442e83094e6ab,0.0,6
42d255482b482cb19dbb62e73dd4c8eb7d4d5f8b,1.0,3
4359fdcfb4c3bdd6c0c12d37fac020602375dfaa,1.0,3
43823ef35d72113c673ddaa4c765498e01f4cb0e,1.0,10
43a0287b79247af3fb381eb0dc90579638b7d181,0.0,1
4405d736ee1b04bb7332bc09d1d2b41a11b69877,0.0,6
442b17dde1a1f19eddd12d5741adf97eb609a017,1.0,30
445027442c6c5026f16c98d1ad6db02d517d47ce,1.0,30
44687a091b5004297940e0bd3389b018df681a8c,0.0,6
446b34397f9fb12fc16edeacb332a8be408af7fe,0.0,6
447533f3f90f5d2e767984cec04f20b873be6591,1.0,10
449ed007cfb4f11c5ea61ef6460809df25a89a71,1.0,30
44a1f7ab5efa72f24aaad7446cfaf0c51575b7c6,1.0,3
44a240b8fa6950796caa30ea7fd250f88a991746,0.0,1
44cd44934885b64f076eccaa413291c548bdd5ea,0.0,20
453a1620e659d86907239323e2858834f77c47c9,0.0,20
456a37cb9b58c291e4533c1407354ef8053407e5,1.0,3
4579e698c273c07b2bc0971dd7de1d05782bc805,1.0,30
45afd1acbf58d80cb2fb4680884befcc11a8f599,1.0,3
45c4e20da2de9d9720e92e41016f2fabb5ea0caa,0.0,20
45f4bc028ad7c66a54f0c316a5c9ae25fd6bdbd2,0.0,20
463429c941159a2f9b25dbb267f5906f401df987,1.0,10
46a53981a61fa116ccf05a8b83874f684203e728,0.0,6
46aa69fe303e24889a13779b8601f180e95b8010,1.0,3
46b994cb5e752c70cc82b363956ca829798b7897,1.0,30
46d5789a5bdcb047343e7870120f100a1b2bce99,0.0,1
477742f839e72bf8b1269ae33dee05d0807816ff,0.0,6
478356a3bad0f16979efe847667d57685b55ee17,1.0,3
47a9fe539786e1285ba96ed9fb6e6d78d716c549,1.0,10
47baff216659d41d87bbb44c5b856332f1148419,1.0,30
47beb59eafe0aed1b5946f23f97295cc8a8cb607,1.0,10
47ed4f7fd05cf0a9330b64cfcf853366570f9de4,1.0,3
482183d0487099d6e54eb771c7c4f2777783babf,1.0,10
4826b1b2e252777cdc7c26baea835e728eb78224,0.0,20
4841113a255f4d615cb682ad8e3e37b85f328850,0.0,6
4869c66556224ad71125f61c9f34236756e08021,0.0,6
488caca71da221550bddeeb9b1cbbf5de348d537,0.0,20
48caa5c801f33e250ccc9151ba9aa1f8f3a28a76,1.0,3
48eb3a1604e3ae010e8bc43a2458e5f3df12b151,1.0,30
4906da05fcd2a132ef5b98b2798cc2907e554ecd,0.0,20
4914909b9b1f21005e0a24868b89ed4523bd0fde,0.0,6
493e2ec291e57b7564fd90b16d80662dcccca6c7,1.0,3
498c4c610be27367acf56f6259f32b8d282d92e0,0.0,1
49c6a903730018d49b5232f78ecbe0ff4f93a5d2,0.0,1
49caac4a81475d3cc821689ad3cc2aad2a0e36bd,1.0,10
49d386bf8f312319f80a74112809c7fb590c71b7,1.0,30
49e57982fff98964911fc28bf17bcd7c5e7c2fb3,0.0,6
4a3928d00b7e46a35878601a933ead327ca60dfb,1.0,30
4aca6ba5890f5d05c51fb48f97bc2ced617b0793,1.0,30
4ae795290649cff6336866bfc69e87665c1ee71e,1.0,3
4b13cc4f7817722e4f76284a148b0d6cd01d79d9,1.0,10
4b3e0274c79d4507d6f5fbbfca80dcf1f2a8915e,1.0,10
4b6176ca5ee7b00872125d24b84e5224d4e6ac7d,0.0,1
4b9e9319b81c733d84d56d61c818a707721cd86a,0.0,20
4bf190876cd8050a4c7e52e8ec520f7280b353bb,1.0,10
4c15e0a0d9105b8e0b9f079dfbed44d69ec7f89e,1.0,10
4c19e8c644b1c14e1ca4e5e6837ca2245eff8463,0.0,6
4c1e1e617c42acd1bb022c797384d93f86effecb,0.0,1
4c552c7c824648067f797fd9d5e300e7da5fe23d,1.0,3
4c79c8af6cb9f2b3bcba310f456a2f6b3455908a,0.0,20
4c809f1ae8fd0790f7d9e8f16c83f058d1e3aa19,0.0,20
4c8d3d3ba83a2885e7f54e8e548bdf1edea548a7,1.0,30
4c92e9d86c4a24cc28f8d95eb366bf3757217069,0.0,6
4cd902c033783fd78fc1c0effd78c996e9e48e5f,1.0,30
4d39336140867b7acbbf4f01108d85b5a3673b4e,1.0,3
4d6b503630ccde9c93e951cd76b28ee4b185b6b9,1.0,30
4d743eb8e96592032a488d3f48ee872a96b9598a,1.0,10
4d774ea44fecaf232dba26d5b6c698d21253986d,0.0,1
4d90260d1da985e790ae4970c75c07139736d72c,1.0,10
4d975a96bff8c4cf707df6b01d0834beadab63d8,0.0,1
4dcf2d68eb39c6cd83bbf1305e36298631a8c669,1.0,30
4df84e269ee8a0339c5e1458e10b90fa2232047f,0.0,20
4e339b870e777321d2fcf6ca8a0d24fb04d76d55,0.0,6
4e36470590db71d954719cae8ab085c533689544,1.0,30
4e46e2f19c9e1e50afd6df84bd2f901421756926,1.0,10
4e4bfeabb7c6504d70fc59ab3ce638eafb2d4ab3,0.0,6
4e51ea22c6240bd3c2a301ebe89ca625fe3d7a48,1.0,3
4e6c2dcfeed9b8c5fed92d018339d3a091b54e8a,1.0,3
4e9f0d4595e26ee247c26c34986818542ca21739,0.0,20
4f14da23210f399c4bdcf29d4f8fc1586b1b1a90,0.0,1
4fac59b591a2e1013310d95cf96d0df165da07b3,1.0,10
4fcdfeb0813e94e36a88100607ead25a896f7b80,1.0,10
50082e3f37e4fb33e461f772114b28661ce6298d,1.0,10
503ff88ab79a833d9a64535e537acc2d2e010676,0.0,6
508e797b0658d4e3f39fbf093b4e49a932dfffb8,0.0,20
50c85cbb84c212000bd512c8b1468e159b4a8a02,1.0,30
50dab6b5e53718925fbf188de62283767a4d63f8,1.0,30
510505636b14833eb209c978d6b20f3bb1b7f760,0.0,20
51129a6af36d7afdda9552b55e263491e17bcb28,1.0,3
5124773561853d478813aa90cb1e4ed6c141ac6c,0.0,1
517c911a1dc67f584d76ce6e232cf1200f021043,0.0,20
51bade8b01404b6d38e2a6ad86b8013ed320aed3,0.0,1
52053e9b54ca72ce740b5b93afe8b357c1fc00b6,0.0,6
5219dff650e0acf81511a073f83a0ecf194660df,1.0,10
5240fbf38f99cb584c45c1b823382494d5d86f33,1.0,10
5286e837c497279ad187f9c2e644ad0fddbabcba,0.0,1
5290f40f2fe1f515d95356f36de047c640a31355,1.0,10
5299c70ff8de5c42323d2056196517022450f068,0.0,1
52a112778782991d4e1181aab4fd897108c0e92e,0.0,20
52abf43f1c08e72a9f047b17f33a2a4acd199372,1.0,10
52bce846799a6ce83b807f4c601d9f44736498f2,0.0,20
52e29ff963397892d0b5c0e675e977e80aa61814,1.0,30
53356366e86534f7970cec0298cc518434691636,0.0,1
533a135e7912476bbe3a9ce0e633ccdcf44f6e27,0.0,20
535fa5168e02ea862fda2967a2e2b3968a9a442c,0.0,20
537039d4c96fb818d85c4680ae970393dc0e7a35,1.0,10
5397404173ae67806e43dda7a6a750842cedb038,0.0,1
53afbab88b241c6a76d4703b68defb144235a714,1.0,10
53b574b1e74bd95dffad11665d386c05d1ad8b63,0.0,1
5403e0270f955cb162fbeb38086e50d0e6e0c1d6,0.0,20
5422f65ad4ca8a13b7d8814a7dfc438ad1b9963e,0.0,6
547a1e0beca8145ca293c98fb849f04706c040d1,0.0,6
5484f82dd00fc39853e7719fd0965cd383ab84f0,1.0,10
54cb1659207fb24197eb3ea67051bea1f8007368,0.0,20
54e1a8d2de161d001e504a53bf904bdc89dd4bec,1.0,3
54ec72af52b890d7947c03ba9cc69864df5f8877,1.0,10
550855d6843bff529f856293ad7db257bd25e773,1.0,30
5555acd117193a76a36b1495e04170fd1f35ce31,1.0,10
555b00ff9d3c21288c4893626c199623a6a86494,0.0,1
556a61e0fd3852d8785a2cc8c34916ebb06c596d,0.0,6
55a7992813820f087700177aace2c72adea66364,0.0,6
55a877e6214d26842f4f506b58c1bfd49eb3175a,1.0,10
55c46a3c2cb19a87d8985bf4369044aae242d9e4,0.0,6
55c969139aa209e1f5a9a162494fcfafd9543870,0.0,1
55eb3e6bd325219c7b432191a17d05394f954cbc,0.0,6
5629ac82a801353281a67a8bcfa1e10fb0e7de08,1.0,30
56679e2cc237523cf7127f3d8a116164de35b459,1.0,3
5670dc5c8a42c32dc0a088fc87c6a5d1ee9e304d,0.0,6
56cda71b0a6971bd4ae461f125dd1566888e9af7,0.0,6
56d08dc1aa48faac6703028aedeb1531ab32aa28,1.0,10
56e6b32a63f410165c485b2833d92d472234781d,1.0,30
573f02989983a2c0c63d0e3da1767dd0e45d0d5d,0.0,1
57560e5d8f38ea34d7a763925fde7bb1efbf5c30,0.0,20
5762f954d3846d1ab1c3726b684ef4c5652b906c,1.0,30
57b498d1f4ff8c7eec91e0e27541232a8683a656,1.0,3
57dd13d64051f8888560be72cb4a501374b4c207,0.0,6
5835e452d6e283734a344262a23e2b921190d5ed,1.0,10
584f44c8a717a1b0e31761553521c33a46345a96,0.0,6
58871fbac4925a9a706ef553ce3c29096435d995,1.0,3
58a9d15ee28d4b01e7027396ee7342fca9351d20,1.0,10
58b02b6009fe22e9dfe4fe3a01b523c167ac4200,0.0,20
58ee76462562c96d6dd9e16d6d13f2dbdcb33ac0,0.0,20
590877044d1c4fe7ec40e9b83eb021c34938a593,0.0,20
5918d2e3dae2ddebb97ef4799a0045757c9575f2,0.0,6
592a56eb6a8e02bca40417eb3d2ebc0b11239008,1.0,10
59a04aa6fba3ed7adc0a56688afaa7aef744bb82,1.0,3
59af89deb3cd986f9a0cc91b80adc5ce829d1304,1.0,10
59c095ba996f494ac31b667805a794bc26c512ee,1.0,30
59d2f4ed40d55de2ad89b224be5d0806b6b90dde,0.0,20
59d5563268da2187e51ba930d925913fc26d7419,1.0,3
5a67864e9dff8dcbc81686b19f09419279d21b7f,1.0,10
5a698bfac2ada577cbeb84fb4bc2e285094eb8eb,0.0,20
5a6be213284e700990724e0cd59bbe3168bc7e57,1.0,3
5a9ac46afd7ef2036eb9f16eae5d9509f9133a82,0.0,1
5abadfe4e7c8466fce82dbff23043aed5731e275,1.0,10
5b0d2f033fd927df71ccf51c2a86c1e554807cf0,1.0,10
5b9aafc15b3308c5203f20cf32978be2653ea78a,1.0,10
5ba2f694288981c8b61eaa2988f425052aba7ce7,0.0,6
5ba6370093ebadc3cac215b4ee9d9a0156f646a7,1.0,3
5bba65a67559897db7fb4ccc2e210d6563e8b270,1.0,3
5bd45d9210a167297a55e5e04aa67c86eb5cbddc,1.0,3
5bd5364bdd8e31eededb2876439c2b165a5df701,0.0,1
5bdd3f74e9725c091e6bb4598397fcf85443592c,1.0,10
5c1a295acf4240f8a73fffd548928104b5a85eba,0.0,1
5c469f8deadee8c33c483aad2995a304fe47d9eb,1.0,10
5c58786230d6750b04b40557c180e6d0400d16c8,1.0,10
5c7121cec4c5e4559424971abc7ec2305a6cc099,0.0,6
5c758398b7000cdf7e210e7b1ceef520a4d2a71b,1.0,10
5ca554b50dd27f2976f054d7f2ce7291550bb77f,0.0,20
5ccda0b10eaff570598b089696d84758a4ab0653,1.0,30
5ce7fd109ab579460dedfa64279c2bb2c51e0b13,1.0,10
5ce811d8d24e29a52f8f0c7354a541b43f28f379,1.0,3
5cf4ac9026677bcc700b12c0053702f3a9a3f8af,0.0,20
5d978f71d4e0a2ccd04a745b6cdebfb1d1275451,0.0,20
5da5880a837af6f2a0e0034684332c3c129c5f6b,1.0,30
5dacc5d5712dadec272b20596a9b78b352a9f5ce,1.0,10
5dc9a577f93b224c7b0fba607fb7f298603fb2fa,0.0,20
5e053f6cb54fbc42fc9ce5d525ebd1a51a0b9a6e,0.0,20
5e08d39087d25c07222105d4d0aad94a275d6dcb,0.0,6
5e0b08c332c02a8b39a880750e62549c7ce50b48,1.0,3
5e3ff73b6d545db4effb38f25e69f56612f0dc3a,0.0,1
5e65de2b6b0728bb275cd23af030be91b91d6bcf,0.0,20
5ea564171af72c9b3308d2fa2e14c701edf2c0de,1.0,10
5eea80882a0c8c5b64c46e91be6150e183a3ebc8,0.0,6
5f078f6a70b9f4504684b13f3b3befcee6efc1db,0.0,6
5f2de4d77a5426419578d60c26da996f98a382c6,1.0,10
5f43f4bf492f8423148425f6f256cb8f1047e0c8,1.0,10
5f99488d8fbe35612812267e22e75765f5760357,1.0,3
5facce230b54f466e53467140787fb9383772636,0.0,1
5fe136135ff5bc6510d472b9342facfe585e2693,0.0,6
5fe5854086a8e756b3476f3d1b2b94322e676476,1.0,10
600bb2a8b1fd7022994a59d762f77000a1663c50,0.0,1
602b6eb282fdb988e8168b42fb122bbb8a022aa6,1.0,30
6030d408be9783c6789dd5f87cc3f0c7dcfe9ef0,0.0,6
603e53ad0bd1f9a664de64a032cff45c68efd16a,1.0,30
603fe383827fa1b19d8c08df05b88d5d2b3a545d,1.0,3
605bbff0592860535bdf15f62e48ef8cc107dace,1.0,3
6078737d72d255203e981dae3d987d805a1b5f9c,1.0,10
6081ef906ef219c4b5e9989654e15b7ff2c77653,1.0,30
60f8f137f6c65b98e5f0908844c6d60522597cca,1.0,30
6162a7ddc6891855ee8c944398dfe5ccf153acfa,1.0,10
61e957f358783fdc1b2fdbd14a0adc6f69701e43,1.0,30
61f29cee2c00fd9d84e33e8f799ca00a88f41583,0.0,1
6237039d9bd0cde0f7b51affb434a6f0a45eebe6,0.0,1
627afb8eefd3fced95334d59656a4241a68e93ed,0.0,6
627d54ceb7aa8de4261759043c8b953e1a01eae3,0.0,6
62ca950e7e74e395be5aadbd4cf9ddb3f3f6f34c,0.0,6
62d9c5b1b553dd2467ec99b02c996132ca72bead,0.0,1
62ded4cee0b35fa073d80f43286b26091ab18e29,0.0,1
62e07906757b37642c5a785ec814c74f64a08071,1.0,30
62fbba4100e026773097188a0e03c66924d06ea1,0.0,6
62ff8f218aecba4b58f18c7a5a5b5d547682d0f4,1.0,3
6300d498ca2f87c087c0d6fab5a256530b73017f,0.0,6
637f9e58674f758392e472451d2fd7f951445b4d,0.0,1
63f06faa1e2140d583d31a89d1d03d93d676da49,0.0,20
6438914b7c94e6af5e70f14f276a441d6b63cd32,0.0,20
6440dbe2b114c8a6ef71cfd334eabaf3ebd52b86,0.0,1
644149b7ed393f083adae078913e0ff7f4f50603,0.0,20
645f9995e4262c5d2d9e45e5b396fa4d1bed4d8a,0.0,6
646260f7ecfd3ac7aea4206db910f450946fb137,0.0,6
650c08d0ad9de85e72b8c6385bfb394601f9779d,1.0,3
6519f34b8a604dd89c26ad37bb2d0360f1c391a4,0.0,6
6521ebfb0e1f75b8acdf5b140329a2763fe70de3,0.0,1
6528c0ca6e6c7a05a56c9b8fe1ba6d0ca90530fc,0.0,20
65395d6bce0c8c3bf116bead295170cee23cc7c4,0.0,20
65a77f31ac0ffce13e404095e8e870ce171361fb,0.0,6
65da8f26f428c59218f02a520cf1d000311956e1,0.0,1
65f48646d9f1310a793ea03e67338fe1668d93e4,1.0,10
65f70deb9f49e6efd5a8339150c810ef08db4e48,0.0,20
660966ae53b7bc7a13fbf8fc7314628a871fefed,0.0,6
66857c42b16b67b7e967a8dbc900512b8d88555f,1.0,10
6686efff75bb174831933bede43d98ea2e71e6d8,0.0,20
66af30fac98dcde01174c5375a263bee4bbfa38e,1.0,30
670a4337844ad5fcffc3b8217045035018b8d692,1.0,30
675a72665bf8d0f3b6c3787fdcfe6ed11ff460b9,1.0,3
67d84b1b0cb18d312a55283ad8c6c8137525ed7e,1.0,10
6838dd65e41ab16daafd0e814d48a3ed80b433e0,0.0,1
68583479751ccf946deca9b833869c3cb07a3b4c,0.0,20
68ec7e24b7b9de43c71ff2c83402f1cc2d5be99c,0.0,20
68ff65489496776922faf184bf976fd0795c4cd7,0.0,6
69392709adc452a8e4769dab21a67ebd28d60bc8,0.0,6
6967d80a693639688a624701e811e702214b9902,1.0,3
697e0812b48782d6fc1c2719037978d4542fbd19,1.0,3
6990d58fd1ff2efd2fd9b601700452423756a15d,0.0,20
69d6de0d72ac55cc67d83b5e1e81e62c8faebf5c,0.0,1
6a45201e4eec26a39cce20a77520bad0ed87a271,1.0,30
6a45298fabaf9c389f4ab4e9fbb1d0d9b8d42054,1.0,3
6a6925c721a52739dd4093eb08b91cbe81524f89,1.0,10
6a9e8633a16d885c7a7c11416383c5621a719979,1.0,3
6aa89a8f5bfd80ca00a289b3361bf33947e48708,1.0,10
6aa98569fbbd6eab112dbb47c00613e72d876724,1.0,30
6b0746ec71afb97b312973ddfead4925d0a5ccee,0.0,6
6b0b2475a8617937aeb0ac9beb6f4e3caab80401,0.0,6
6b124b99fc50442b4b296627b60ce8e0685cee92,0.0,6
6baa280241be3062c15e3b19abe0b205e45b9302,0.0,20
6bd7cc2c4aa5c4d3caf803f3fb8d02c29e2b77d0,1.0,10
6bf92203ac85f5042d7fa8ddd0646519f1bf5605,0.0,6
6c21a3de2edd6b0336c793b8e3849da543870eeb,1.0,30
6c2684d3315ac7e5fbaaa8e350c0f4fa7bc53d0b,0.0,6
6c87b9a34d0914644542c50b41f2fc8a56659efc,1.0,3
6cb7c43b878161f28d9c632075181dc598fe760a,0.0,1
6cf68a4776314b959823e9285929dad1beea1cd6,1.0,3
6d43cd6fd077e9963b0a309edf9d171da775452c,0.0,20
6d6f858a2366c2d02636cf1e90b658dd67c2604e,0.0,6
6db13058429f4fc8be5c846c6e58ffb2ff469a8a,0.0,6
6dbe79eca7d144e926df8427f52ee127beabaa4e,0.0,6
6dcd649f93cf0800ce5e56536df22711fb3eba46,1.0,10
6dd320cac18c46a9beb0ae4f65f4e5209379187a,0.0,20
6df7560d396c76f724f6b054d17865da5d5a7c6c,0.0,1
6e15da453162b54f20eac3c2add6971172639bc9,0.0,6
6e20dff95a69845b92af10403047d48fa34e24c5,0.0,20
6e5769c15e6904a49c7644129055cf1d0fe5bec7,1.0,3
6e7fe50fe9a546b6b1dcbc383a3b78582cdd0ec5,0.0,20
6e849470f824192ed781c7bcd31f5b4f2775054e,0.0,6
6e93c8787b9366df90f767aafba5d6193d7c56c6,0.0,20
6eab833bb084ddbd71cc13d9120c2357aa3026f0,0.0,1
6eb37b5fe400ab3eadc11f57e2eb42383f8cf25d,0.0,20
6eddd585f52b3505004087b0a302495d89d3e12f,0.0,20
6efa613bc38e744bd20fc66820ec838ae88a8045,1.0,10
6f22c5407c8a4c80361596e9c1ba92275e3f6793,0.0,20
6f77f8db91ddd3dea85ad10c066b1141be9e2818,1.0,30
6f993c525f3d69c3c53f1e95b8354be90ce0c625,0.0,1
6fa62e24d70d28895eb7d183d78710e6c0baa8b1,0.0,20
6faacdd44ec82ffe240b0e1ad498b68c3707a7b2,0.0,1
709507e3c2cc35d53f0581dcab4bf5aa3dad9e8e,0.0,20
7141d7a531c6770a85c3f3cb6ea3182b70f2017f,0.0,1
715b63e15055982622655588ec0a5eefdb5af809,0.0,6
7163c03872b7821d8ad11779c831c0df549d8d30,1.0,3
7172401980f5161b8a9aa7fd98f4aa3010bdca5b,1.0,10
7182651bd726f86ffa1131d61ab7c55a35100635,0.0,20
71c544fa0de622387d75d357fab808ff8c6073a1,1.0,3
73840f49a25b01510f2727e347695e618214a7d6,1.0,3
739f3709ddf9ed078d7ce60358d96858859522a1,1.0,10
73bf5d935ec1c9429899c5a480e14401888784b0,0.0,20
73ccb515d1c145ffd632407de01c02e78e1db287,0.0,20
73de702cff85f8be9134e4395cd8213bafbd0a2f,0.0,6
740d446cda801bcb69d7f2173abc9307e0831d5f,0.0,20
746f66f8c43be884948796d000db230964892f92,1.0,3
74938cee786bd58796feaeef52b4ed04fafbfe4e,1.0,30
749e0229ee3c281f37a60083366dcbb91d3301f2,0.0,1
74e4df07deaa124b0dd61ae19eb7e959ef4866ac,1.0,30
74e6412eb02ffd302abe71b5407f893415bb8a3a,0.0,6
74e9342ef6d05967d685f93c3916f3ace6dbf072,0.0,1
74ff37937e7a5e588f794540460b3a18277c82ea,1.0,3
751fdabf60e343397996056c614984913a86d6d1,0.0,1
7571a38660db0a37596439ca9370a5c864da3e12,0.0,20
761dae305836fcb7ea7d24260ca607e09c612fe3,1.0,30
7633fbdd1fdc1acbe83457d4f2f0f0e994257571,0.0,1
766c17b38b7e7d78058dda7488eb11a3fa4d33df,0.0,1
7676c3d1391e5d191afddeae6d5e9da15d91b967,0.0,1
767b4dcb457ab1a86af97b32329d947abc05eeec,0.0,1
76832726ad0713b7258b6ced71be1f1eb4be3c4e,1.0,10
7729c7b07cad76d0572c3261ef87cce42a2b046f,0.0,20
776cc5a4484385dbbb08a064d6fec2f7ff26afa6,1.0,30
778250cb741f64c6b9f4abc9b598a759321aeb32,1.0,30
77de2d5f2673ebcb9f0f2139ee7d28dcd7d9e93c,0.0,6
77e12f1b0eabdb6a9940da6c42d0eac502dd9410,0.0,1
780e043a2f7a334bebecaa6f37a6a1605a0a2263,1.0,30
784be8fab674a699fb3dcd6b3de80201282a18f0,0.0,6
78684ab0fc0a4b28e68e02a5b1e69006f91d1ec3,0.0,20
78724f4fad71838def28394b3232e5d072daf590,1.0,30
787368ee4650c49478fcbc99763fc5960beece38,0.0,6
7876fa3a16aad5cca5d2e4373108a40546e68840,1.0,3
787df31c1e7815855a2e04b60d15d17b6ed43df2,0.0,6
787f011dc545235639afacb00e2feeaaf8aa00fd,1.0,10
78adaaf9d504e0e43d870873d4c4aab9690861d0,0.0,20
7927bf402b1735d2d3fdba4106897cd2d7d87110,1.0,10
792b80dcaf94a7f39ecd3821ac7a96b902bf6523,0.0,1
79eca7e9078d87493fa9a2e9098cd7df336393e5,1.0,3
7b0074823b3301443ddfafe179ed44a412364c32,0.0,20
7b17af34c2fd0825819234e0bfc69dccd934809b,1.0,10
7b2af06eddb9463c2cd93a4aa18527244a5bd726,1.0,30
7b2edfb684bcfdcf34d546cd9a4563a65ef8e7d4,1.0,3
7b5249ee091fd97dd2e0b4e8becbf41bd0f97fe0,0.0,6
7b78885f59afd97776be9bac244f74a034fb1b23,0.0,20
7b9a550240cce63c4e3ff3c6396f016c222b7200,0.0,1
7bf52728e1d57ce259b599f437c84da300d10823,0.0,20
7c58a9aff3293f36cbffc759904c976d73668d9d,1.0,30
7c60c5e2b3be0ed88074bdfa611d66351183facd,1.0,30
7c788a64150ce20c95174e59761cc8634c94ad2c,1.0,3
7d4c136bb5601a6172dacba6749a63ccdf884288,0.0,20
7d7ecb0a2976cf8eebef40290e6e1b8c30f4084b,0.0,6
7d917f76ba2562ebf7b072f4ea96518ea30322b6,0.0,6
7d9ff78a724ab76129968abf2aac570cd153acac,1.0,30
7df4ee7b31c533b91ed805994f801d6a38559ce5,0.0,1
7ef43d3baec7c20c58eb880af0a14db7f88dde55,1.0,30
7f46a4e17b28801c8d4bf8966d1cbdcb69106fc5,0.0,1
7f6d3989e6d0f212fca8aef5bb85a4486decc425,0.0,1
802a7af2b91b0b0402f38051bf096ecfefb334d5,0.0,6
809b6e88dc7371c689a3676e3bc8afd392df548c,1.0,3
80c5143c013a2bee9e5c5a40504e60a2bf2e84d4,0.0,6
80cec30f778ca03d3b242bc896c01eb88371cc1e,0.0,20
80e5c0a728dc237ebee57031ff4fe9ddcd9c1808,0.0,6
80e8f70f77fc27352b491a0191322731d6da7c12,1.0,3
8153805209bbf9128732d8b0920779be7826a704,0.0,20
81639ffca1e174ad3090c076f06a8a6fa421502a,0.0,6
819749d78ec87c165217dbadc6ccffa7d9c3924b,0.0,20
82116fbc02e58619975a6dd704558379fb47ac9c,0.0,20
826f5e75c7b2ad7bb6f5df042e026247351682bb,1.0,10
828dfde07ba4f8e1f15ee3a911ac7fc2f6db826b,1.0,30
8293f73fce5efd7b4cfe82ffce69ea3a9e1e3a80,0.0,20
82ae62c6a40f437b16bc7447bcbe03930a6575c4,1.0,10
82b38b4f8c60d464b1cf8039cfe359b57fee0f3e,1.0,30
82bd685b0174e44d87ff3b4540974c654255e68a,1.0,30
8324ed63f56f2e65bf34f79c1ceb0f1cf849acb2,1.0,10
83371d43b147d0e0ff1b067dd311c4ea334ec0cc,0.0,6
837e46a0190521dbdb716197714449ee0ac013db,0.0,20
83d6784e40e2c5394d5687e783d30cd75f8c9ec7,0.0,20
840c4c0a74cdcbb78413d64edf70af69a0a315bd,0.0,20
8414af7ec5179b3a59ecfd30413eaf165ea94d83,0.0,1
843eaaa22d585f7328c517ff9b795e168e73bba4,1.0,10
8447f7799b852d43dc241df62b6e5705db4eee14,0.0,1
844e92769e8793bf04c306d98016647287e3bc8b,0.0,20
846af5cb4c2e940838e517c3797ee3050e0e5866,0.0,20
848b389582495a3d347ee15321e23e560778a8cd,1.0,30
84b3074eede72ba6d5799f8d8fa3d9805ab225e0,0.0,20
850086c2e2b2ff01d129da033d819d7948c97c92,1.0,3
852a825a9adc56ec8115a3077effc32266173a3b,0.0,1
859b3f351f4548f7cf6ae05ef02e32707cbe5d75,1.0,30
859f290b6e16b7b3a44fc261779570fb1a887bc0,0.0,6
85e044e7b5f3a2079a131429f1258c3611d68821,0.0,1
85f1c0bbf2f0a2e88c1fd26d6ea8ecc86b6c4653,0.0,1
85fcb40736cff629071cbce593a03f8ec13b2bfe,0.0,1
8609f0f08ffc15c0af4ba418204fab4957c2dcb3,1.0,30
864489de4e8e117c1b4d13bd8aebd89c6ca28b11,0.0,1
86685ef1874fa1e60c04d81838e8faa0df318a04,1.0,10
86bafc40c803e0789b5427d1e56fd1785e1168d3,0.0,6
86ee90a55de303b9afb092ccc97d45b958615d09,1.0,3
870fa05023ba40ece55c8886ad3ae051853630fa,0.0,1
8724750ee3d3f3d40a5f92ea9822093d1b2ad172,0.0,20
874dc9a505fc8a4eadd9c30886af1bd59d236019,0.0,6
87679b7c2e1984461ff8e06eac0b3a5b97df48c3,0.0,6
879cd47670f8e330497c110a908edea79708aceb,0.0,6
87b26bfed779707ab2e668f567fe05029a4bf440,1.0,30
87d8828b7df5cf259205a3d6e396235072b67d30,1.0,10
87f6a239ad07d2f5cde0d8c93cee5161ca9582bb,0.0,1
881e88696652f20972c1fd793b207567259a9285,0.0,6
88564178d81cf0be82ca8337211dfa7086246edb,0.0,1
88669351bc943fe7fc19b7d27fde9ba9e0af1f7d,0.0,6
886ba340f64fc8c56390ba686a9ad66f829c6a45,1.0,3
886ffbfa493fec8d30637f04dae2cf20d4d1c18a,1.0,30
887e2bac385e377f93b6edbeea8a023c0a7b8d35,1.0,10
888e6a4cafae0475d4eb6ea4134930fb7a088147,0.0,6
888f31377703cae47c4904b94993f463c8565a37,0.0,6
8892648c69839ffd685e7beb9f370517a0200d7d,1.0,10
88a0a40c2866ee8a4a6886e8132d951e30afdd58,1.0,30
88efd69203265b412851228fe1a1d2a470957ea0,0.0,1
890cc592efa6d416ce0073815c634da3ca0bb7e2,1.0,10
891cb94921f427eedb08c9030f25678c95431d6c,1.0,30
891d303f67598ebab4c2865854c9a83d833c0a18,1.0,10
893025bf80d04e56649439c22adb9fd499321051,1.0,3
893d5b28cc420746520e072484d466d3162a5be3,0.0,1
897180a9cd67966db3c990e246e2b815e3d13111,1.0,10
899faf9733cfabc6d0fe73213e9653882d92f426,0.0,1
89cdd02d2dd829c4db6d81b6217c41e2e2fdb650,1.0,10
89d2074d57841dd0e821b2e62ca5afc573b41e50,1.0,3
89e5dcd1e1a235e062a7a124a68d79511166f52e,1.0,10
89f6f92dce63adf1c063720b5da19576c0a2cbeb,0.0,20
8a1794cf4d108121d4b839d80ab8ea54902084f8,0.0,20
8a2a3469edc7c56384b5c8d65477b7d0f72f6503,1.0,10
8a352705b93a69f35b0c60543ab341cfc1ef6df9,1.0,30
8a3a65e09fdd5e8865d255d3cf3bf3083e8449bb,1.0,10
8ad04347f8c70a63e72758c23bdaf8bf80a53f8f,0.0,1
8ae751b1650d1abef7ddab77810922d81fdddb1a,0.0,1
8af46372bb69613a6d12f4397dc08e2a52e39cd4,1.0,3
8b9473ff4dc5ea42b45e3671f5dcd90721ab59b4,0.0,1
8b94cd3f5383878661889758895270e0f59ad0f4,1.0,3
8b9ae456947e3584d34adfbf575ec0b4e0ed7421,0.0,20
8bbdd30e497554c06629151e13585945afbcf789,1.0,30
8be37a56111630cf51cf3dafa3e308bd9b2906a8,0.0,20
8c05aea5a595b368acfc9a200c208047fe73268a,0.0,1
8c389d90c92dbdbb530fdcb4689710bcda8ae88d,1.0,30
8ca2336711a92481c65b96cb0a28de9f0235c270,0.0,6
8cca77067e0c18e115989d3527345e7de5b07509,1.0,10
8ce8a90de114902592302fdbae6cbe9e8e9bb6b4,0.0,20
8cf07a34b388dfbc33a5bdb7bf21f723768b3c1d,0.0,1
8d08671f720b0d27000d9cd80cb4093a1af7be35,0.0,1
8d15f31a9c4260849b6fbf32003b1f0da8f44606,0.0,1
8d1ea46d5c973f20012414ab5cb60d7582098e4b,1.0,30
8d2e8b6cc1a66c946c020737804077b5de896116,0.0,20
8d9069cb775bb9871a4185df8dd3e2e579ba49e6,0.0,1
8d9d5d0b9fc51dc6ac7197cae8ff81af5494d913,0.0,6
8db838286ab55e493ed6f0d91ad25e3aa8be24f1,1.0,3
8dbe7e1ef49ebbc4289ea6c654c659ac62c7966b,0.0,1
8df78121dc92e51b59db4dca434abf4dc321831f,1.0,30
8e25ece2bfa1cad5c8f8f3aa00629e307b6889f3,1.0,10
8eded962b695fb9fe0f52e00de4625b8493d7467,1.0,3
8f2a7cf69a522b74b5667f794748313f3627af9c,1.0,3
8f4c699db6fa5280e45f4fb6c5ae95df0497be56,0.0,1
8f549341c972cad06ee5c869019e9e64251eb478,1.0,3
8f862af208004bc8f20501a122305ae9fff7d984,1.0,10
8f919b790a058c602a156f9808beae795f8127da,0.0,6
8f93b9a6afecab175a05808ad3a811b7164976ab,0.0,20
8fc8f6f941ebd25463b015304305d277ab849934,0.0,20
8fedd1f524d91e96d1a347938d729faf60940f77,0.0,6
900a8a729229908f25db97f1e9aa5bc63eb1affc,0.0,20
90359f50c82c4e02f8fb83606d941540651c988b,1.0,3
904a8481272b3f3b58f21aa68d7ed666a767e0eb,0.0,20
906808861a722e1a6a7f2125645f815508045124,1.0,10
907d5c093f9d16c8e5b717fd7f10b82591f25284,1.0,3
908228aab2e90ad8051a79a4df2d1674bfba53bc,1.0,30
9110b1a45f6b8e618e21ede9e1895ecc34530d9c,0.0,6
91b68e16c638c70ae519058d733e93eb80c451c2,1.0,10
91ba5256b9445d35e2d56bce87c376360a135ab0,0.0,1
925462cc0948ad5ba437ac74eb2b132ae9229351,0.0,1
9255833a0163a8238d8867fa09c2139a821e9ad9,1.0,10
92562e449cc12482060802519a82974a69e04742,0.0,20
9257c3e57fb969e8972381514334a44618215165,1.0,10
928e683f75757a02e4ad99e4f476148aeac91e1c,1.0,30
929df7512ee205d50c3c4b3b17a271e67782b39b,0.0,6
92a947a7fb6abe81db45bca2f5c79a4dfa4779c2,1.0,3
92dc479532e1a897bd6aff777464b94124b0cddd,0.0,6
931a044d39e900eddf5c40efce3dbde8ef570c84,1.0,10
9320c170b39ee4b08cdff051728a5533dffac926,0.0,6
9325382a5241de960ed1872f1b6d9ab60f6f9236,1.0,30
93d5f82cdab825a70bbeeb61fafeec8fbd2a32f6,0.0,20
93e506875544e3172b8ab213f646e80b7d610da2,0.0,6
940654964ee0692a59aa25213300a9007e70291b,0.0,20
9407488286a4e98de0cc95f8d63cb805c512df39,1.0,10
941d03948192688ea5ed0e0505e23dcd8b8c5aec,1.0,3
947881baccf5630eb52d236a62097e74d176faf7,1.0,10
948d5c9dc80dd5280c4e7044242508147f7d977f,0.0,1
94bfd95a7773373d98d762f896ef3d58f68b9f21,1.0,10
94e96a184addf49e67475722bc02398f739e1dec,0.0,1
94f60ca1f0df67e4beae10ef43a1ec35e1268e24,0.0,6
952846fd15314da4a72dd88cada6e8e8a424e224,0.0,1
9540cbb10c2d4e0dfa8b1d0e9ee1c4b6e2e8d1dd,1.0,30
957eefa6ab25672e1c2b326c17108d523484d006,1.0,10
963877f7ec039ac8850b6029e29fc487f5d24ca4,0.0,20
96499c68ec4f4866aa5ef68cb2b759c2b5217731,0.0,1
968de73321197b82c5010c9ad12c812f723d0bae,1.0,3
96c6a254303e4f7248b4fd96d365eca97c60d721,0.0,20
96f5e3abc2a94912619b5dc43ae9d4ca59a457d4,0.0,20
9707102ef936620a2a734fb76927ce96516d7692,0.0,1
9749ec2e32a654a69ad62ba88718bbf322d1361e,1.0,30
976fbd05c82d98db2fe7df5c87570981d48e26ba,0.0,6
986c5939e2f8bdb50ffd57e381801e8fc56a3486,0.0,20
98a03b755f635179e7f24bce721a2bb39dc177d5,0.0,20
98bf5fcdd9faaec501a656a966c8d9c5a39405b6,1.0,30
98cf2f3efc3e46ec1976960db48565004038900d,1.0,3
98d2369fd9608323058949ff31a4d0723a9601de,1.0,30
9907e87951cf2d30aac71d26a2fc5e2eac51a280,1.0,30
998046faf791dcaa7835bad09bf33e126c00e4ba,1.0,3
99d2f79662e3ca70530db532d403147dd7e9c9b0,1.0,3
9a6fafceaf70bd3debce885cecd941e9058cc93c,0.0,20
9a8b8bfc7a06afd346ff1c88f1f7a03316a9bc76,1.0,10
9ab4560c9ce388dba7dffa4d69ed79cb6ea52a8b,0.0,6
9ae8542091b067f5dd1b0770157e87a3e4e56abe,0.0,20
9b1278a65053f08c1c4bd6c1381d81f3c3b64a08,1.0,3
9b462d0f79c00190d7c48bc7833694ab3cb3a0fa,0.0,1
9b6f4a21b31e232e470114ce0c64d9706ffdeafc,1.0,3
9b7e8be0b3efd75aee2d78945513642a497774cd,0.0,6
9ba53c30c560cb1e8e94508e6c72b73a3dde2901,0.0,1
9bdf4a293e90a8fc59e2a9e2efc87739ab161541,1.0,30
9c34a2a4338b69b10b26b39e65c2645e8f259061,0.0,6
9c90c79a39232648dc3bdf6a72cbc3d9c39c203a,1.0,3
9d122b787a11bcfee5322f773710d3a36d9e7f00,0.0,20
9d30345efdb1f5c3c9c91281d805ad6f18ae021b,0.0,1
9d458a80fddb41aa750c128900f72149710ca547,0.0,1
9d45a3b8bde9ac70a0d854f0b225a9ba272efa39,0.0,20
9d4bbd10a69971f3fdfdbe337f8e02ef967a1c18,0.0,6
9d913afc34633738777efa27f5e891ec53f6b6df,1.0,30
9d91bdef38882d5ba1b0b50ce79acac6708507dd,0.0,1
9d9248ff66a7ae72e160cea96c8a222f098899b9,0.0,1
9da8186683859e19a3f7bd7e39260eb3316ab074,1.0,30
9dbc1c7548cff22a37377bcc14713d09f5c36297,1.0,10
9dcab7d999ad88aaf6fba55fa3a6db62792bbd80,0.0,6
9deb6d3f1c141e6ed3738391dbfb73639741bf30,1.0,10
9e3b32499c2cc843591cd5812f878a1895aaf020,1.0,10
9e47301eb747d36d6b6891b342623a72f3bca0fa,0.0,20
9e55c19e8eaff290f6eaf4a12ecec6a61bae1805,0.0,6
9e60b23368463b08dd24bd2ac78fa6abf67a731c,0.0,20
9e72511e431674baf1b867aa525dfb48c85d81cb,0.0,20
9eb2302d090e5199dc27f1fc4c45f8a3822410c5,1.0,3
9eb2926737da6dd7e7740337b4ed24958cb0c8a8,0.0,6
9edd67421c665231ab1ce1e1e54baa3797c8c694,1.0,3
9f00951a717853e7c49ec39636606cc12089cd71,0.0,1
9f2d3bc10bf241744516c87510cc2da18fb56253,0.0,20
9f480c62244a8802e49e5245fd58d6d6cc08e80f,1.0,3
9f5255c50521dd08528556ea13afb5bd275fb01b,0.0,1
9f6311dad3e56d51253b24b2040ecb9479aa45b9,0.0,20
9f7c3ed06a82843bca67695cbcb8fa190b9a9e1d,0.0,1
9fb794fe45654900f34702f102cdd40a33572a81,1.0,30
9fc278f285e15f46e1e325945318061ef3ccca78,1.0,3
a01b6a560e0bdc54394289952a70058b9d849a82,0.0,20
a0e05d1c16840c6e9a273a726a733cf24bbfb3ea,1.0,30
a13499a4e8ff55ab9bc99142882315a0307d009f,0.0,1
a14d333f5b1f5c62f8fca6ab5f6194cb468e3a42,0.0,1
a14f66b088c09474905852605c367a734eae3662,0.0,1
a18f88cb75bb61bdd42578d77997958029d55c23,0.0,20
a192b3e6e6d9b8441de0d1df353d17c66436a1b7,0.0,1
a1a793b281c1f16922d8ded0cb249763830de112,1.0,10
a1c36c3d2248287a5b72042510a729fbc3ec7eeb,0.0,20
a1c95c0f5c496d60e15dab1b7408353aa44132bb,0.0,1
a1ef8f90150f405751c09efa34de04eba15595ab,1.0,3
a23dd768acb4de8f819476e33733621df6b8ec7f,0.0,20
a2646526309859d9897f534439a287d239244683,0.0,1
a26e851293e96d6ad79152ac2d24b0147b8c9af6,1.0,3
a2ab1880a08fed3bd09b7b3bd80a3aaa05c9e736,0.0,6
a36ec2ccb29f9bd036d70f994b603443a3cbefed,1.0,30
a3797bf935e0a6c97ab19be72929fcad53e4b3ca,0.0,1
a3a4e612b7bd0b00c873a2e2cfe4ddc1cb4ca43e,1.0,3
a3b431a6d1909bc83ca7ab2f6d581ef95c8b93c5,1.0,3
a3fbdd358d6bd5a2fe3d2dde104099dfc5a30188,0.0,1
a3fcedff6f7087cf912bc304356c3bc9ed2692a7,1.0,3
a40b6d84e16914a61507160df1f625a3127a46d9,1.0,3
a41742f283af25123f40dc67745a7be58ef15ac3,0.0,1
a41d0b2e9571d3529fe2fff5607f90c9e707e802,0.0,20
a42012bbd6894234266686f20a8a5f46d93a81a9,0.0,6
a42ec6456b466128f6e32dba1edcef80033263a6,1.0,30
a43439e43a6a9e44c9cc31e77b2ac887eda6ce66,1.0,30
a43a94985e061debf92013f04c12311ac9d6b188,0.0,1
a46538aeacd2b0223dbf9357740879237356657b,0.0,6
a4c526a9038cf3bfb8a0ad85cf0e7b03f277eb0a,0.0,1
a4ccd58400f55458ee9b0ede16c76f4006a47b36,1.0,3
a4d3cb5abbdc11518bb67ae7f2c415de808effb3,0.0,20
a4f55bbaa446a98d54021b1f07e5951c9b5af707,1.0,10
a4f75556684e07cda5fcdf5db6f241c7fe056449,1.0,30
a4fad7fbcbeb7f4750a09ac420b171207e963e7e,0.0,1
a50c69ba8e2dce14af2ea180836f588a02f1eb1d,1.0,10
a553f5a1e8ca6499f3e730952a9e622e3d1ecc91,0.0,1
a5bad44a98afdac8da8a00288b6fa4d5610e2713,0.0,6
a5d1159b8876f7ec019b493c86f508303e4b36ef,0.0,20
a5f469450e9ac8d385e6e1745dc85d90e8217639,1.0,3
a600e374ab09cf1d84bbcd6a3f653a3dc9ac3830,1.0,3
a608b2d0b6b3bc6a3c78f27c260606f88daf90f4,1.0,30
a6154b5bdee49be928123c72f06df345662ae075,0.0,20
a62f3e61b5d4a3d8dc24e37bed0e1959dc9fd97e,0.0,20
a63aa3925f7a20f5874f51fe6920448ce185fadf,0.0,1
a6996fb684670295d12b19961882b3f3b80ea32d,1.0,10
a6a1088b0ff121a408b3472a1497aea90f02e09e,0.0,6
a6b38709151a21e8c94e7eafc35210d8a7760d42,0.0,1
a7ebcf356eb22d3c56fa6870bb0c81c5742622a4,1.0,30
a80194b7509d19aa923d49736dbde14872d43c69,1.0,10
a83ac97c08ce88510a612d884a2fb0f50e700d55,1.0,30
a83d794760a335bff1d7c36db3c35d739658e95b,1.0,10
a84ba7e18439755ee0d754101213c912b9291570,1.0,3
a8771be97c39e754ba35f1dacd9cfafe7bc9183c,1.0,30
a904ad9d5571aafc0edf48913097f62492dda9c8,1.0,3
a923fd6cad7acbc446b1a58cceb28bb5e1392593,0.0,1
a93e79917629174b297637342d355758e73d873b,1.0,10
a948acbdedbf6f2d8319ce53d6eabb7106f20ccf,0.0,1
a95aa63a8e5d43ea6caa12b688901f9ee7c4ba05,0.0,1
a960f84aa82ac0d47245448fe4e125c52041f74e,1.0,30
a967e716bf6a16bf9d29d710a9d09d44ad298339,1.0,30
a9b7d1f447b1a593c41bac248287c679104beb02,0.0,6
a9d688f4c55bc5ff3c2cff948a16e0e12ccc60de,0.0,6
a9f06cf792d0977a5a6a3765e1d9c61bd737b39b,0.0,6
a9f0b8955a5897c94a63d2c371e71b22f743b2ad,0.0,1
aa4d98b52fafbc7b2f9fbdf59cad95f132063b28,0.0,1
aa5d2a41f7df170793fd80b84c76750a197be42c,0.0,1
aa6e770b6345f4ae07924622929b3a5fb488167d,0.0,20
aa9c74d71c591eedc4ce370c3b144eb9a23c8ba0,0.0,1
aab6b8d373bd593c92a7f91fd0dcc0ce9d85fe65,1.0,3
aab6e18a90c48a5114b84d56a41e0818d99bf0c9,0.0,1
ab03bce7c5db50826aeb0ca62f509796e075e3fe,1.0,30
ab4f91c90f49484dd10c04d82ad982733b2728b1,1.0,30
abcd8a1e63fb378488de5edaa5a7be90532b98cf,0.0,1
abeaa742f3c546a3718a35a223ea0c2fde06373b,0.0,20
abf5fa850669fbab9a5ba3f759c612b23ee8bc83,1.0,30
ac3ff961da8a8f9ec709c5bc556662fca9d5ab4e,1.0,30
ac46be871300a72f0cdeca4c886bad9d0e1f5770,0.0,6
ac4a9bf13cebff9f0796e33e10c7ffc01bc5c68f,1.0,3
ac881fcadad78bfe40c88a1c64bd33f89abce85c,0.0,20
aca3f3762467335434d50c3230c470977b00a226,1.0,3
aceef9491fca9dca2fdc917cef0f8741397397ec,0.0,20
acf0fd99b027783553d79fd7ccb28a9658cfec30,0.0,20
ad680a0116d7612b13553f71a4b131ff7302cca9,1.0,30
ad8acfa81cef613a6e54bf5f0ee3d14deca49cf4,1.0,3
adfd8eeada6b6ac8fc2a4cb6980c0f10aaa4db60,0.0,6
af266ed6fd4a69cdbaa1e4b363273107d793398f,0.0,1
af47ddc817c3cfa6b403cc7678357632ba328d55,0.0,6
af8822ae6cb0d5924bed51bc2f7d294a44918767,0.0,20
af8a7de21ce26b122bba4b89825ca184fe6f677c,1.0,10
af951757caf01e4e4a0ae1540a786a31d111b297,1.0,3
afb6cb654e75e1ef0f0de9c1beea4c8b31b5412f,0.0,20
afe7fc08f8c5f237e7d2d00dedfbed43e430aee4,0.0,6
b01da341a3314b125edab8e7b2e8ec2c6582f6f0,0.0,20
b03c240560aaf02dbb016e6c37041bf02b420d85,0.0,1
b04948cf6d9de68e25e3cb97217ed82a3e0caab0,1.0,3
b04d822c73e8a4282b81c21b5a64c46a42e37cf5,0.0,1
b061ef821b866cf752552f2adcb3bf16a5d4b8a9,1.0,10
b0981836d67db88edc8b04a1740f94ef01fac85b,0.0,20
b0c7a3af2e561b2779ac7cbcbaa537ca7850a9f5,0.0,6
b0cac557847acbf0216a92e62a3f6597e139a77f,0.0,20
b0e159ad3fb936a6aeb7aa86e84d8952b5faefb7,0.0,20
b150a8ba16c12aad0a3f388638bc053d3a8f0a2a,0.0,1
b15b7762cf3eceeb27d5c201afe67dd1ef51f964,0.0,6
b17c5b315f8b7e9fe71098f2b674d2886a0703a1,0.0,20
b1d2bab1d0a4b9197f3a6ff24f12c486318e4e68,0.0,20
b1f7d06fd5bcbbc1c5ebbb5f510c389433b4c267,1.0,30
b249f2d48806004d0a791cd353b76ed7ef19bab7,0.0,6
b29c8d3b8027a6216f124e2fc2ff12b5040a09c7,1.0,10
b29ed14cc577cb33d2e09028b7e29cbe516d8af7,0.0,1
b2c2f6c76cd465a592e7c4279857e95c36864d73,1.0,10
b2f0ecd1bf1cf507e54dd8281e4984dbb8a52f26,0.0,6
b2fa9ed738d34616cbd1dac9b11d8318c6142a77,0.0,20
b31759ba002f6d96a51b4c71fc49835fe502c5f1,1.0,30
b33bef946252c3c5bade9af6e0bc3e12999d3df7,1.0,30
b3b260fc6d0d4c9f6eb3e921ca5a6cd84856bd61,1.0,3
b3f2e2849c9415dda8afbc46d5812c167b85821e,0.0,20
b4219d8ba17d3bbe8a168e8cd4acb16b01ffe0b8,0.0,20
b4794681b65fc449fafa94fdc7ac96e51419a090,0.0,20
b4973ff3472467ff35c7350d0a5ccdada7544b53,1.0,3
b49acb758d6e9594f7b2aa0ca78418369fc327c4,1.0,10
b4bf649c534bbc2dce5a3a7c6c4493e3e9d1c1bf,1.0,10
b5120a0079d207728e1e178b7fc2c3ecb66e45df,0.0,6
b518da9d0d0701e7e09426306b5c2f14e294020f,0.0,1
b54403b436cd120953a48a0efd494b206dbc4fa9,1.0,30
b548010a0816e2d6b805e25b410c9f8811291819,0.0,20
b58bc4364ebe574f93b45baa688725e35955e23e,1.0,10
b5ab250bda04baeeba10c9760fead2f48df3a81c,0.0,20
b5c39c686f8c5a08977a47dc94345af6ce2bf946,1.0,10
b641b1da13775f45c2bb5c182d06f78ae31d12f6,1.0,3
b64d9017f326d10380e873ef90587798bf37ceae,0.0,6
b64f552d96c1a0cf9f225917cefeb0da5074bced,0.0,6
b666f06bd4424055b4b017c0e1a9be42579d4330,0.0,20
b6826f55ab0224da8566cefd5b57c7ed18f3219a,0.0,20
b74e9d48cacc198e6f6ae93c58ba7cd639d2bbe2,0.0,6
b75c30eca83b1d2a3ca35dcf3cef202c849f9b5c,0.0,1
b79420b80e18c261eccebed268176e65ceea8923,0.0,1
b79544f064eb4ce8573fb2450033294a5f389ece,1.0,10
b7ae3db95e587781cd6bd1b98804657d10135103,0.0,20
b86d6aa55df006e35642291052f765d92b7b9528,0.0,20
b879970a23fc2a3b093bce85096808f13eaa69fb,1.0,10
b8f89e577899daa2bbb46dc23a70d95fda80d1df,1.0,30
b90972774d35073a17fb9043170c1d207b64cece,1.0,10
b90af76579336cacd53d7cb84feb8908af86979a,0.0,6
b911576e90461bc7f05e53d6c2be036a82d70657,1.0,30
b92b5f633c9140c92947f40fa8284bb1c058fd9a,1.0,10
b974b1f9e38d977e4ad07078bccbbe63e58429d3,1.0,3
b99d20186b2f10ad2e4b5442a961f10974e9d3e8,0.0,1
ba04ad0c2b2041a95bd99e03f1f0542dd3004b60,1.0,3
ba1452819cf2ef586999cb7a4698c54af4dfc0d8,0.0,1
ba702306e04d8aadd60aacbb0fc7e9de091707d1,0.0,6
ba7f9cc812e323fef8184ecddb67e4f4fe922725,0.0,6
baacd8ee35f4e355915f5de07cd383072e834da7,1.0,10
bab6663ca0c62bb3a1f8206d03c174c0f65f0300,1.0,3
badd28423f5cc82ef9652e60810783a1bcd6566c,0.0,1
baee9835d285bad55416107ae9ed47dbfe64b0e9,0.0,20
bafa232985491f44d5ad7afbe0e91303896c869e,1.0,10
baff2415af52c27c6c74a989c3a593ac640dee07,1.0,3
baff885a0ccd2db3af564a59d3c9e9c98db67554,1.0,3
bb033bd2bcf5325162b641f585c4b82d914d098b,0.0,1
bb23e81245cedd13b8a9e2e7ac3f30a9bc9ae82c,0.0,1
bb54edfa46372352d05fb7d60cc1a80150e2fa03,1.0,30
bb7ba527fa073ce3368052389f4761d63633ceda,0.0,1
bbd279f52d0df786264ae190981101ec8901d869,1.0,3
bc0c027716a003b8a4a326fed1158296a1cfe1c3,0.0,1
bc4cb23f3e2d737d5e02f634b8c7f95001004b39,0.0,1
bc564afdbb62a01f0fbce1e3e84470875ef8767f,0.0,20
bc6ae25d16ed30180e55cf6b556e36a21c3d2153,1.0,3
bc7b664cb70f10790df1bce58f47f09cb2ef178b,1.0,30
bc7f8767200231c7348cb2c5d1585d483096bd7f,1.0,30
bca4e0d7d4a5289161aae325abd054d859b26d3e,1.0,30
bcd01c99a9d1b985dffd16cc68a1a3f694603964,0.0,1
bce97fe65aefdb4d72e3462dcef4d37db2eb8574,1.0,10
bd055b58c4ea6a8ca3e55d00e39f9bb732fa7a03,0.0,1
bdf70096308af684425025096979bc4d5d64b8d3,1.0,30
be32499910de2c7fb9640b90243294632cf083dc,0.0,1
be58b8b843f4b677e23a390ce676e0df047229cb,1.0,30
be6e054eaadc57b82115624627e5016baff2e054,0.0,20
bea269299f23d91ffaea461bcbfed245f1533eed,0.0,1
bece4484f199bada5c5491067d1258f72c1cc8c7,1.0,30
bedb414bdc61ead4b69863ffa6a25f3bc13784d2,0.0,6
bedc9215a16bea3379c65936b9e5f40e2d4ff4f9,1.0,10
befb2f293f4c8d2c2097ae4d9a52a1c66b474ead,1.0,10
bf157b1599ec781ddd911070eaee41635cc466b4,1.0,30
bf1adffd88b61456d668c8e2afa0f4d12fd95079,0.0,20
bf208ee6008a8cba3d74a0a3d40c34082b7ffb8d,1.0,10
bf54a02f92643f6b2cd141296e9b9067896036b4,1.0,10
bf6c72021eea8cdc1266691784f5b526cb9bcdc5,0.0,20
bf99eb5a111d4787d64fd1b3fbb407cf3e946607,0.0,6
bfa04128abaf541b3ce08a1034efa553c281cb26,1.0,30
bfcd764cc8ede171454906c27643513b5bba718d,0.0,6
bfe00fa7cf7125a858c66e33866997998ac6aa02,0.0,20
bfe1d1ce9cc05746205ae351075815540eb5bc52,1.0,30
bff5ac23d0425e00c39be6da437c9361ccd051c9,0.0,6
c0ad7cb28d556d8e33afa16305f76148c5b96160,1.0,10
c10da57e2a9ecee8f6674a80d385c4eebd8d3087,1.0,3
c10f4335fe9b23e4fd2487d8e6d170a1ec341d93,0.0,1
c11fe5729d549f7a10c9694c3ea288ad801e3668,1.0,30
c13cfbb98dc32612e2b5f05d2eabec23c18cc9a3,0.0,20
c14438be7cc9a0ed5b886df40ed88eefb983d4c2,0.0,1
c16a4005116a48e70ae4838b36d45c866ade0d3f,1.0,3
c17d1c4f61b63c4f0c67b99ee87eeb557f979ba8,1.0,10
c1948bf458db886b0e8c5d5e3808bfb25085c383,0.0,20
c2240f57429e4e8475bf8e4fb5df49c8d50692d6,1.0,10
c255373d8faae515d4e71b7f324605fe6b08786c,1.0,30
c292dc18588b7981b4cf7feec25ac86207332a56,1.0,3
c2ad856ec1c03bda773a0839e0bdf446d1b0f08e,1.0,10
c2b06625f0e91ee0d6fb1dbf0bc98142991bad9b,1.0,30
c2b6301b09e8271a59c4594d1f0b38353629e8f3,1.0,3
c2f93a9a1f29fab0fd53430346a1369d94264c9d,0.0,6
c392e194e1365ae841e0afe03ecb3054ba532d26,1.0,10
c3a8dbee2ff000ab46dec381a8ae32cf31d9d0bd,1.0,30
c3b6bb18dfa6bba38c8e306c594f79eb563d6ffd,1.0,30
c3d84b75011b99df98bb25c00b92cc0c1ca7612c,0.0,6
c40593c1d5dc9744e4487932c332a06fb5b1908b,1.0,3
c4101212b73faa4d0ad5791ea6c3718df828382b,0.0,20
c4435d47e42e9a832d0af3ddead1df09b5c841d3,1.0,10
c44df666882b2cb632d335689db0d82b16c00ed2,0.0,20
c4574fcc6d997c9be813c823934e304f8bfb5ade,0.0,20
c45911e5f89eaac787e4684edd4579f8eb8b2564,0.0,1
c48231cff56daf09c52741f431a1561dea4f183c,1.0,30
c484e1b706897d28be41ce0654de158d9ef4647e,0.0,6
c490e9a2e6ddb91f355587499f323e8b88e9f7e7,1.0,10
c4e9325cded70c3129407fa72d51271867901ded,1.0,10
c56c90c5fbfa1d536d73b604dbb8ee2f14c7e555,0.0,1
c574cc35ec3c9555fac7573f8bbdd4e8543610a0,1.0,30
c57c149a6edd20227b9226dc7ba5b8e5b82006c6,1.0,30
c57e2a7fac262c48a407f7ea943e729f044d626d,0.0,1
c5bbc4d227e2aef753a65293ddcda9fa089ab541,0.0,20
c5c6fde223aed07a6869826e6b8bbc417ef5f36a,1.0,10
c5d1aeddac7247196739c456d34419510c2e0443,0.0,6
c5e3aa883b75d36d8399a513ed0906ec32614703,0.0,20
c5e67535b4fa71984b86e13917961c4a70647774,1.0,10
c5f6501b2bcc42d6454ffa88068153c47b44b3e8,1.0,10
c5faed4c811cce0e063505ab487b9ccaec075b34,0.0,20
c610f564cfa86bfa1268873d304e74d61f1d8c10,0.0,1
c64d46234689a9616f3bb48389ca60eb0286f875,0.0,6
c671e8358acde3d3c58fc686f0a38535a4958fec,0.0,6
c6a11b6417764f3fd2be606d1d33344aba6aeac2,1.0,30
c6a5d8997f2a2d21ae1820dd7784e118b411b8f1,1.0,10
c75f8a36eccfc1c81c39e6d8f4675b84a3d123cf,0.0,6
c7a8bdd55d57e1bf699120530924392c15745cbc,1.0,30
c7ad8c8e667d587a6eb9d311797658eb0d6c8518,1.0,3
c7cceb29e51e9becb28ac58fc3520ea62ab605a4,1.0,10
c7d5628e39ed2d70cb5e6e5a56774b4a144b1bd3,1.0,10
c803456e077b8b4c2642cc023680507c773097a8,0.0,20
c80ce4b07574244d09e586930df74300dd4313be,1.0,30
c81d8020de373ceeb04510c03809b40c4ec74b34,0.0,20
c82696a0a2ff6734b3597c7b2aeb0d4fda97b819,0.0,20
c879a43d04e288136540bd55c2d95da4ebb1dc35,1.0,3
c88bf2e0c71d63c39b10fb9858af09eca971b3e1,0.0,20
c8bba7ea2625a956b2a47525026768a1ea141eec,1.0,30
c8f42f2939c4326215ebc707bf71c20a0eb572f8,0.0,6
c93d98610e002b593b13d934380dd6a32d754769,1.0,30
c9790410c3bb474e4efa3acc654996bed2abf8cb,1.0,10
c9aeafe87c6bd250443ebf83b4eca2b48699302b,0.0,1
c9ca2ec2244697bf49a74c92546a2dab54ba3efb,0.0,20
c9dd36178a3b6f3f7ee9e000b15bc7bb3128322e,0.0,6
c9e4ebffd9c566fd35409cfa47d0f5b73e341dfe,0.0,1
ca431acb79280728346e290b38637b9bc5f285a0,0.0,6
ca79fffca1875b2630990a38a359981f12897f77,0.0,6
ca956592c4c50cedcef048b84f14ee5919683bb7,1.0,10
cab28abdd1f69975323c6c1929c4d50fd2ac790c,0.0,6
cb153f2e11d7ac638216345312be02b29cb1d8ae,0.0,20
cb1a0f58dc82a764ae79fd3b0593140a730de2bd,0.0,20
cb943532fc91e77a88a3827e42b9a44a92b0d772,0.0,20
cbe1219b062b89c2446631ad01b6806c472f9930,0.0,20
cc5ec43c95100fa161cb386d27a8a48a54ad2367,0.0,6
cc6f7480dad1a261ed6587409f19191febbb8137,0.0,6
cccfe3740457f11cef9ff7d027fbfdd6fb027355,0.0,6
cce87d7d3944f97f372b2ee0d1915d1d6cdb5e70,0.0,1
cd125ba9e484319159009271bdd9d94aff49376e,1.0,3
cd5c3639f944d7c99b7ef7403dc997caeb46376c,0.0,20
cdf3405755105a80a5247fba547cf7d11e472f77,1.0,10
ce39d289e44f74b014f0861b960b43c3073927df,0.0,20
ce5f79b0fc7b2c69631c47507d3f8ad450fc68d4,0.0,6
ce72e03806e47e4991c022155d85e80221b39a8b,0.0,1
ce938e2102fb66953a3f4f2229b92e679b034dba,1.0,10
ce99f43089cbcce0abb0bdf7e8a20b1ff03bdad8,0.0,6
cea10d8767cc588caaae1f8bb943b2797daf4e6e,0.0,6
cf054d33e9622f36c71dae6b271e656a1256e253,0.0,20
cf4220806621d26442b9107f6996f5243034ac84,1.0,10
cf4e9ee413571d8a344b591462d9212cee1db6d8,0.0,1
cf6d8a369a810470145f5ebdee056f3fd9944960,0.0,1
cfa474386adfd59255b219674084ef66de1b4450,0.0,1
cfb6ecf24caea5ca674104b90992edac45a1ce0c,0.0,1
cfc43d7a24b7e0251cd78e8e39286a0fc03ffe81,0.0,6
d0242f9ae8bb76409587d100cc4dbeae76250367,1.0,10
d03c41b140f4c3c8821a75449124a8705cc8b847,1.0,3
d05e5557914fb378c851d4e64687a008b11d0b94,0.0,20
d0a30a041d604643c227a2cdc1d41c8354b5212d,0.0,6
d0b0c5d7b3cc83bf2ea0585b2d84fc4446ca80c6,0.0,20
d0b2885364f44df399c9029276c506222f4523c5,0.0,6
d0f29020cd1bdeb3e47d2518b8f55c61f128f919,1.0,10
d11acdab8537536434e790e69935607d15cd4ff5,0.0,20
d1bfab141d081029d0023d1b10128a85673c9b2f,0.0,6
d21ba9b77eccf47b11f7b0ccd699ca03b35d3a00,0.0,20
d2cea300e5b83ca0174a0f2d6d5fe7d39cf2a7f5,0.0,20
d2dcd47c94521ccbc32654e6f908d3bc12fa9083,0.0,20
d2f96819f8e0e60587d4c3f300c4645f44a82d99,1.0,10
d310bb4163f6a342b3fbffea0c4ba03be096305f,1.0,10
d3190caadda5369742b2130cc25a30f44144ff17,1.0,10
d31c2291e0c13009f8f5e26ffe0fd01bf09f9457,0.0,1
d3273366542879b767fc48085c0855c26698e62d,1.0,3
d34f5b70466112344f83f7f8c07ae316b4ffeb85,1.0,30
d365ead3a24c72d573441e0f38d140ef28fc7dc1,1.0,30
d425fa0f12c129a5cd60afe310ae4a21430b2a36,1.0,30
d42761cbb1e22ab404b5a6a0f5e9be443e85fa81,0.0,20
d47b36aff84a7bfd2671af3382ef6192fe8657db,1.0,3
d49b0285aca8206c695cb0aa3c63512510de4f11,0.0,1
d4c17b366aea988d01ae19a0600ba37c43466284,0.0,1
d52823aaa4f2043e843343768a7cfcbe616fabf3,1.0,10
d528425f942694a684458a1a5310e77c5e7de889,1.0,3
d54a581a2fb01aa655c1702a4bd246ecb2f74a08,0.0,6
d56a179ffabddceb4d21a546ed5fad6fabfb7d5e,1.0,30
d5db76b565701035fee1b30af5392cd222145852,1.0,10
d5e958ea8bd320e5a3fa9f6b39471a2c2839e078,1.0,3
d5f1e5248dadbb3e87b2fbad203c9449e3ce95ea,0.0,20
d5fbb66351bde49a18ea70436abe90fb34a16544,1.0,10
d621e75f1cea8994a40d7ecd4432170838e0f4d6,1.0,3
d6a57cef110d8a8eac40f7b981deb9532ed2a0d9,1.0,10
d6b56d8408dd5cc56ace5cce00bb209e53709e8f,0.0,20
d6b9d6d603d1a6f18b2f55b38a7d3d1e005cfdd5,1.0,3
d6db23281896a23b40832258dffbbe0cbadb9c74,0.0,20
d6fa7e5916dc22715435e22796b38c4c338731ed,0.0,6
d719502556e74d0f1d080557effc10658497f70b,0.0,20
d72b0fd7e58a7df735bc2546b0d9442b808af0c5,0.0,6
d73cdcaac9b0b9d9c5675502ea712e484fc6d144,0.0,20
d755d30a55fbfba1472aac3b3fe98d959e16e43a,1.0,3
d77fb14d6a1018c240a032c61145636240692cd3,1.0,3
d7b52799e9adeb1ab86918f5f712dbfd591993d4,0.0,1
d8178a9d528a3b827c09f8133e49cf11d4da1594,0.0,20
d86fb64325bf1e0f297cffc99894e49dfbc66624,0.0,20
d88cbdc37a02df7114cb82f96058ca99ed0edf3e,1.0,10
d88edebbf8247af207f19294fd7d1514fd220431,0.0,1
d891bd73bca18bfd8bb8df060104e557d12a70db,0.0,6
d8c08cc7dbe56905da8367a40b22668d273aab39,1.0,10
d98479068e8f63c7c862ff69eaa35f6dcf6ecbbc,1.0,3
d99b27487bf8feef3352b5c0c1fd99e55a2bd972,1.0,10
d9be877b8f3fbc2d64922e013204a8a571f0cb29,0.0,20
d9e2c404382c865cdf8a0dab4db6b9f3e4b903a9,1.0,30
d9fcc5237889732f65a662ed9a49357bda2bcff9,0.0,1
da019da482329b0dca2470f2591b561b5818e91f,1.0,10
da2df0663807a2f3c3b5295fb7670e355ab70ad0,0.0,1
dab837be099b95ae9bcd6da4cd5252a0f275b8fb,1.0,3
dad2558d2979da0c01779c687ec71dca9dbed250,1.0,10
dae0834f712386df3f55e1bf08da07673208181f,0.0,20
db0d11cdafd88b46d60d7280f45c66fba2e3ba22,0.0,20
db32ddbb9f78671f167eb26cd38a346ffdc5b4a5,1.0,30
db81f2cedd15281cc1a40e3f49d86626fefbd26b,0.0,6
db8bf25b3290d003b67747e9d28772135864480e,0.0,20
db9aaf2e82f8d473cd790493e2b732e67186c6f9,0.0,1
dbc6a5801484efad6adf0ab3255542cf5e2352e7,1.0,10
dbcf6b3f1764ee9b30f04ff1506345f767ea1b2e,0.0,6
dc78baecf4eb29a3eedb5c884aebfe99288a7a79,0.0,20
dc882ccc5f975ccf14db61baffa30b5f984a0bfb,0.0,1
dc8c61f5634433ce8447b99e4a9e00f31bea0dfa,1.0,3
dcb5ba0b0395cc22507457d38b90f27122dd4ebb,1.0,3
dd07e50f5dea702ed1349956f85cf592819dcf63,0.0,1
dd5cc2be5d11345a1741141808820d724f086ede,1.0,30
dd6f5ff0b5cbd26280b75023658aa71224fc3341,1.0,30
dd81108c8174de32e162f49a06586643834afdb5,1.0,3
dda7dd85a71adcd03497e0b798eec6fd13ba83f5,1.0,30
ddde2f5cb4666a80b0daf649395ce314e4e53ebe,0.0,1
de12888a0dba1590727435f6bcf079be9c2aca82,0.0,1
de1330ece183959d87b298074dfbc23828bf1a44,1.0,10
de1e9d278b3a47a0a97675eab7fd17d95351f478,1.0,10
ded8eb1ef9d18c96f0a15043ed0a5d698856f238,0.0,1
df079e3bfc252c4e605d1302cc99853e18515b84,1.0,30
df62903c30235a2fff5837d1142bd134aebfd322,0.0,1
df8c546e25b6bc58d8bb788f35bdd6d4c67b5ff3,0.0,6
df8de9207196305057f73cea03d265ba720cb6e1,0.0,1
df92c37adc8e112c69e4d62b55c50768b7d28a0e,1.0,30
dffba74bea1c62dc0a5cd561defff510f234775d,0.0,6
e02dabad460b2d56ef88bed6ca5b0e4f86d71e35,0.0,6
e05f61f241a25ef94717c9536b584a36b741a5ca,1.0,10
e087962933b096e15ed25b9aca29ffea0bbe12b6,0.0,6
e08ac3cbb9bbf46d1f519568bfb76b209cf5dc1d,1.0,30
e11ea5e0c2b8ee83c9d893a6475e481c946a34b8,1.0,30
e13d672f0fb51997339c219355e266c7314f440d,0.0,6
e1403cdb3eb6fe87fd4a714d189575b945d1085e,1.0,10
e15b8ac6e6e836a13ee084735a87338c17fe94ff,0.0,6
e163aee374a438bafcea72217cfb607367b3bb3e,0.0,1
e19308f344e761f9461743becf41975bb011c96a,0.0,6
e1b943b0197c8b1d950301f13e24f71717730527,0.0,20
e1fb82938684995368918456207c82c6f37b5a15,1.0,10
e206e8d2a26d6460666a231c9642c806c0aa8bf4,0.0,1
e2c5c0bf8072916902c829802e2de397eee8c5a4,0.0,1
e2c994c1a7d61900b279fb90a29f56aede23901f,0.0,20
e2d0decfedab210ec5d5ae37071d83e76a89b117,0.0,1
e3099dfc326a0af6f3df6d9a7d8a1c8d49bed4a5,1.0,10
e3485113c6e458555272ad85a959c125212aee7a,1.0,10
e3931353b12b45bd87217063244abea4bf4d162c,1.0,10
e394a0fcce7d206579e0b43e3483412bbc44e928,0.0,20
e420ddd4be38577f2d29aae5ca6821e0dbc8820e,0.0,20
e43ed97acd55622502d9c5b234c6f874f920ca8a,1.0,30
e49f028c7b5f75a834029e0f79764c4b9ba82d03,0.0,6
e4ba1c96cf712f2f1ce19b387c1c8aa5f66113a3,0.0,1
e4e215918ed1b51d6382cab84469108dd75d6ed6,0.0,20
e4ee91212f9e66a5825a5782102e2943484d58e4,0.0,6
e54145e7cca3bea89718bb686391c300f5d15c6d,0.0,6
e5432295ac987c02815bb4e986dd1d188f723c50,0.0,20
e56d093cd376fafa97d78704ab8117c237d600e2,0.0,6
e58d4e0018f26f78f7f296875cd417588ec01d82,1.0,3
e5ceefd65f841df7496b15cbf4fa167661db0904,0.0,1
e63da2e3f3808814c42af80ea1bd68b81ef15f52,0.0,1
e67f46ec2849ec2ab569c89123b58487329f1d65,1.0,3
e6e34c9c12337e27d263da9d7217cd681ebab911,0.0,20
e6f8b29ffac7808f107096c82c5386a463070416,0.0,6
e723bccc2e083a4ff1f06158aee875960b8029bc,1.0,10
e728f316a64b16105bcfc0da062170a91832efd4,1.0,10
e744e991f91dfc8e9dfb8882a13eeb73c3eb5f60,1.0,10
e77a8f64a9925ea31c4a9d33a3b5cd5f4fbffb74,0.0,20
e792229242110419d91283f5aa4d39eb2d3bc3a1,0.0,6
e79f47fda172a904c25dfd9a71798ad7af147df9,1.0,30
e7e70e75dfe6816d7ff0be326654f42ea4abc6ab,1.0,30
e80c853f5555d568efc5c7c45c226f11353f35b7,0.0,1
e8390cd2c0abb51d9f032db2085aa3e1b8e92aeb,0.0,6
e83f1b8ad1eb4c54feabf42e0f40351bb6b586d5,0.0,6
e84984541172c0bae7b03d4121b4717be36a4ee1,1.0,30
e86d9436cbfcc0b4d80834a59c8511aa57f50f80,0.0,20
e8921af9f089b72a862e7160bf996a94717c7bec,0.0,20
e8984290c52383233314d42c170bc0658e64d8fb,0.0,20
e8c7809d02786244d2ee8d047a34e3775d3dc89f,0.0,20
e930d85ec7f00a896d518187097954c5f504211b,0.0,20
e97df5f68a1b6645d4dd33a1a7778c22cee9679c,1.0,3
e9a5708864ffff3a7c36f3340edffabc5ddc258a,0.0,1
e9fdfdc09c27c79906bda7307606404d6afe1dfb,0.0,1
ea00cdf50b5c0b5036c3b87b70706a9646fe1a7a,1.0,10
ea21a12bbbfbf660aa3d8356dd57213467027171,1.0,10
ea351673aadc561dd42d4217e3c90c7686383bc8,0.0,20
ea6064965eaa5ecdd467a770d1ed4b121976b7d7,0.0,20
eabdd2b3c6310b9970d5a9fd594435f279d0a128,0.0,20
eaf7274f8a509cd3d8f7fc9e4933d1bfcf88082e,1.0,10
eb3040168395409cf03d1f5aa774b873640344e0,0.0,6
eb49751cad8e0b2049486a1cca7a56e92615b819,0.0,6
eb68b9d1ffa23d871b04bda9dfddae1593ddef43,1.0,30
eb83ae8cc97058cfdab248952e69a6f04feaa4bb,0.0,20
eb8e296fdd4088e2fcf2d25525b1e61076907a45,0.0,1
eb9eadd6c06ffc24c30f74c49311399810b8028e,0.0,1
ec0805299f359ed1fa3943e08a560b18aa2f310f,1.0,30
ec29387e24e37ae068b9eb333127e09a32ec630d,0.0,1
ec3fe1276e639c988c2e9166d5f32afd59c29d24,0.0,1
ec8a63df2833eea8e3431878a847a26daa68e653,1.0,10
ed285dd7d3a395f46abd0fe80cf2a3d7a2c1c100,0.0,20
ed4c164b4b9df446162db9140fec6055188e6ad0,0.0,20
ed6bf88e668dc8a197f284d1b693d2bad6098184,1.0,10
ed7bdd36870faeface22804ad080ddc81ff7871d,1.0,10
eda80027b1e92980fd24a15c4b843e68cf44f857,0.0,6
edb17a6001fb9a9d31b4d3f68d539bdd8064955c,0.0,1
ee3e2f8ea085c0835c0bb890259cf50f81738b6d,1.0,30
ee499e8e6e79f4d2fdbccc3c5c0605302ccd758a,0.0,1
eec069e158396764b065534e21d9ec7c71d2bc2a,0.0,20
eecadc9629601c5760d469af4050703bbc614cd5,0.0,6
ef3b7bd72d582c3e06d7cf43c64f1ed15bdd64d7,1.0,3
ef672059428868eac111c7f4da92ab814540f0d2,0.0,20
efb880e385258e72ac9d02c70282f1c467dd3c3c,1.0,3
efef5257e564d9f103821121a825dd1eb9e247f6,0.0,1
f02e8c184dd7538b1726c56fe1001bbd1870ffc0,0.0,20
f047c7af6bcb2ebc4b4cd9d40283df282ffe2792,1.0,3
f058bf07f3f83028911b0d0e796b90f42828c513,0.0,1
f0659296f230c9423909a7c1972f91bb098978be,1.0,30
f079e928e183def4a84d557b614c5ff5e98ac0d3,1.0,10
f094dfb46442fc5b7d0b7a4870c0f9be48e58440,0.0,1
f0ce2d07f3d8255bb265bbfd683f69ba088c2d67,0.0,1
f101c5563cc31d4c55990259473aa815e3611d37,0.0,6
f131d7eafb7b0a9e693755ecad697f4b44010f47,1.0,10
f16df0d015ec070bde7333bc58b1fd2aef4d996a,0.0,20
f18c43285fd97d20cc956594b01d35f0eb0880a5,0.0,20
f1caf019bc0283251fc15f355a175c25a4c99da7,0.0,20
f1e4c929f051fba0ff9b7139daf733ea385e6d98,1.0,3
f1f071f697b62f12aba5cb5ce7bc7aea8d89dce2,1.0,3
f1f179ea2fcae04379c2809816aa484f27cacad2,0.0,1
f1fa9dbe08af1b9bc9aa91b5f1ff68c386ba2873,0.0,6
f215dba3bfb31b7821d3e60b1634c1a1c6316459,0.0,20
f23ce025b5da6c3523e8999a5b5dc68be26d8632,1.0,3
f25eda36e425cdc88f7d8884c15a6b0cb462ba09,0.0,20
f2e9269b47ab1dc0398036179b91f72c61589fe1,1.0,10
f2f9936e7d9d10dc5eda6d1647a13991001c9a93,1.0,3
f31152a7955ea8657aa7f3a8b6e33fd762c97348,0.0,6
f311935993952981b257fadb2eac0ea48fad74bd,0.0,20
f324a0f94b47663653d7cd67a798f14628442b49,0.0,6
f35cb26b0808f09b24b6c9a3539ac7ff8dfcd9e6,1.0,30
f36bf67b94e8ea2302da77dfc9374ac52a025e16,0.0,1
f3a9cb2b42dcf571381c7e3d562459ed74a3a229,0.0,20
f3b75a56efc5c8d9aa34045d9a4a6fcae81a5764,1.0,30
f3ca62e3215b230e5c3d8ca043dfa268a2e5fab7,1.0,30
f3da8e6238b0fcf62b49b1827fd808470e792348,0.0,20
f43322575270b842b461bbe303c204720005df66,0.0,20
f46ad34ec89c44a9aedfce82b921c407ac3fc515,1.0,3
f4b38b88e5eac0931582de299d5c6e48a0cbf7fb,0.0,6
f4bda94980ce7ec7d1918b76e23a83085beb7645,0.0,1
f51d036a1429f0805f27913f182fd61e88714c83,0.0,20
f551988332e38795a865d7af2d0b862c6232cd9d,0.0,20
f57fb9cf95776affa7fd54ad5b6b23f6f3970223,1.0,10
f59f9027ef68dd8472cbbe2cc89d220fa2245bab,1.0,30
f5aa484bff9ae65da7fec8641523cc58424c61f9,1.0,10
f5ab7b9650c29f1fbf9637f08c01b4be26281b44,0.0,6
f5cc442c4cc81324ca7ef5138ec78735d47a66a5,0.0,6
f5e335559afc4ab324c3f4628463672924f9b275,0.0,1
f5e909d5b4dc055ed4444f2314aee4bb396aea40,0.0,1
f5fcf4d262ac453f6cba33d80af9b9b73fff5c1c,0.0,20
f60ecc633fafa3253b26ea9c15824881bfd14c32,0.0,20
f6287b6fbbffa9315126d76e4a1d3f66c0c73fbb,1.0,30
f67168696d5dbbb9aee2579fee40f511fa9eab5e,0.0,1
f6baa131f1d6ad74a4d2607f1ecabeebca745e10,0.0,1
f6d937265a6e2ab2e75787d769474ece9412fb54,0.0,20
f6da7d4139619668f1c2c25bd87e25968c23689b,1.0,3
f6e6ea546f45abb0dd0aac519da76e1c1ba2e958,0.0,6
f706fc60b5463e5d85336e03da4590b96373edda,0.0,6
f7083a756206c05ade6c9cbc969be2cd5ed14065,1.0,10
f72967ee5c6ef5de73e202a8308d5da8ee929a49,0.0,1
f7377e65a47f5df236ab1c7cde517074f0f605cd,0.0,20
f744d6421cacfbf7915c6c566a7fc5eaac1d87da,0.0,20
f77dd2831a0538c0195bea77739c2f6cb6c32c0e,1.0,3
f79045c45d74af45b2f9b5bc878e15ce26030c0a,1.0,10
f7ab4c09d4c34ba62ddcf69c3e09f5fe524859f1,1.0,30
f8323416262f8ad44c0733eacaeb628b71014e08,0.0,6
f840ad4600260f9e5005a2b90572396b09ef4fad,1.0,10
f8467f837bfdabea0a9e0142258384a91224608e,0.0,6
f84c67b8028d448ad16ad0c305ab3faf1227609a,0.0,6
f86a260e51badcfde639712e96d35d63297f17b6,0.0,1
f8bdabef01fcd90a653a4fd72fd75d02db9f557f,1.0,10
f9176f3f9a27d86662dcba3ecfd570ee638f132b,1.0,30
f931f863c58aa15fac407353efb54a2ad694e22f,0.0,20
f9d64baf51eb64d5f9f98fa92c4f3df4cac9ede3,1.0,10
f9f9306c602a0fd3a9edb3e00c468c83b5950834,0.0,6
fa43fb6a0ba8144be89de66c88d98664d7779f17,1.0,30
fa4ab171d2117394f2d9ca129964e0d1560a4f3f,1.0,30
fa8318c452c626f6f7b0bd63975e043695facb21,0.0,20
fa89e05963675f31d5412dece5f4068e892fbcf1,1.0,3
fab80a357c730f93ac58e34a4d795fd890fa8099,1.0,30
fab8848fb9c966dab1493d18e7263a6d8a6e7425,0.0,6
fb2e49edd3998ae56454e0d1e53741ba03039726,0.0,1
fb30fab692c7208645d0db51a20d6dc7b39bfe0c,1.0,30
fb82c8c0388a121c95ac7558045f15f6b6cdddf0,0.0,6
fbdd9f872aa7946e10aa73625c02ed10ef092246,0.0,6
fbe03b00c2e2682cb80006f0da9cefde3f072730,1.0,3
fc4d41befd76992eada5999a9291db3ada4cc7b1,0.0,20
fc612a050002bdbd1208648f48a025eb000df83f,0.0,6
fc897d3677a5004da3a00692c98667aee02887f5,1.0,3
fce5ae2c14c03324a78e8cbcc562cf52bbc3555d,1.0,10
fd0d7bb3ea3d707a163a9e3d136faf76d346f98b,0.0,1
fd1c975a441aa8860ad307ac9da5914cc4694c62,0.0,1
fd5ae9f6709efa9c6c17a383dfd25a06da66133d,0.0,1
fd65f8fff9428c4ad3bb4a81178c70e26aee9fcb,0.0,6
fd715c4e6dc5109389b8bd90a2c48bd0215f6d3b,0.0,20
fda1c8e9d562cf9b1d05a181697fa2f7d89b5194,1.0,30
fdb5157271b36d3f4d8fc3f73cbb862498aea71e,1.0,3
fdcc20a25766481c18b04be39bb5f5731783c91a,0.0,20
fdd49aea8abffc7c6b6c8d38ea607c58f481f1a3,0.0,20
fde35a6dc0476013e49f6940e354e59542cae025,0.0,20
fdfa08b00423f9833bc5b1ced87363cc4bf1cca3,1.0,30
fe07c0634a014ee97213dc274552b2993e2649de,0.0,20
fe0e8b8ca5dbc6c70ebdcb1437723e4f8126c7e6,1.0,3
fe36bc9bb2cf2a90a2948152bf482263878bfbd8,1.0,3
fe6f35acdb8c396a6ebd2fb3a286fa9693087b99,0.0,20
fe8dc905dbee1f80d2687fec14a336df7e36b14a,0.0,1
fec0693c62cd6b102bdf9f090e77ef628fa4f15e,1.0,30
fee41e26340abcc64037a60cf154940b8782b618,0.0,6
ff29efc093e9fac0dccc89561fdcf62048ffdc8e,0.0,1
ff343a62752061d995f94ebc10ac53f79d1b5ab1,1.0,3
ff897755cb312cd6f510ba7a38cb293e648d97d5,0.0,6
ff9a93402457ac514cd069a7ce3f2e32692f5290,0.0,20
ffedc12ec5c142dae2086408b778cf0db2ff944e,1.0,3
fffdd654bd60b81ffd51a723a8839b8f5381feba,0.0,1
